;backtest_iteration;portfolio_type;expected_annual_return;annual_volatility;sharpe_ratio;discrete_allocation;profit
0;20;markowitz_portfolio_without_forecast_without_preselection;0.38632715940212803;0.08974842097771082;4.081711470924998;{'CLX': 5.0, 'MGPI': 55.0, 'CSFL': 37.0, 'PGR': 81.0, 'EGRX': 8.0, 'SA': 37.0, 'OFLX': 28.0, 'ALGN': 5.0, 'VCEL': 11.0, 'NURO': 115.0, 'LMAT': 81.0, 'TVIX': 61.0, 'IRS': 5.0, 'CUTR': 7.0, 'GOLD': 4.0, 'LOGI': 60.0, 'TTWO': 20.0, 'MZOR': 23.0, 'SPHS': 199.0, 'CENTA': 24.0, 'TPL': 3.0, 'HSKA': 43.0, 'PETS': 6.0, 'FOXF': 85.0, 'ZGNX': 4.0, 'ITI': 273.0, 'AMZN': 3.0, 'BWXT': 138.0, 'EXEL': 105.0, 'CLUB': 95.0, 'COR': 56.0, 'WD': 79.0, 'INGN': 4.0, 'PMD': 11.0, 'CASI': 474.0, 'MASI': 9.0, 'CASH': 8.0, 'WTM': 1.0, 'CNBKA': 41.0, 'WTW': 1.0, 'AXGN': 215.0, 'SYNC': 213.0, 'SKYW': 31.0, 'TSE': 32.0, 'MTL': 18.0, 'MTN': 18.0, 'STZ': 27.0, 'MBOT': 81.0, 'NERV': 25.0, 'TSN': 31.0, 'HTHT': 109.0, 'PLUS': 6.0, 'RENN': 50.0};273.77682220939687
1;20;markowitz_portfolio_without_forecast;0.4476102018872372;0.14158103511642878;3.020250569121727;{'ABMD': 30.0, 'ACGL': 105.0, 'ACHC': 14.0, 'AEIS': 10.0, 'AERI': 16.0, 'AKAO': 78.0, 'AMCX': 3.0, 'AMZN': 4.0, 'ANGI': 19.0, 'AOBC': 9.0, 'AQXP': 68.0, 'ARRY': 57.0, 'ASMB': 71.0, 'BWXT': 120.0, 'CBOE': 88.0, 'CENTA': 89.0, 'COHR': 8.0, 'COKE': 17.0, 'ESLT': 42.0, 'FIZZ': 98.0, 'FOXF': 171.0, 'GOLD': 32.0, 'HOFT': 120.0, 'HTHT': 164.0, 'JBSS': 11.0, 'MGPI': 85.0, 'PLCE': 22.0, 'PRMW': 218.0, 'SKYW': 27.0, 'SSRM': 116.0, 'TWOU': 15.0, 'WIFI': 57.0};8.159584045429824
2;20;markowitz_portfolio_with_forecast;0.481636263231917;0.14493650088664856;3.1850931987998794;{'ABMD': 32.0, 'ACHC': 28.0, 'ADXS': 27.0, 'AEIS': 1.0, 'AERI': 12.0, 'AKAO': 60.0, 'ALGN': 3.0, 'AMCX': 69.0, 'AMZN': 4.0, 'ANGI': 3.0, 'AQXP': 60.0, 'ARRY': 34.0, 'ASMB': 66.0, 'AUTO': 135.0, 'BWXT': 146.0, 'CBOE': 108.0, 'CENTA': 77.0, 'COHR': 5.0, 'COKE': 15.0, 'ESLT': 48.0, 'FIZZ': 85.0, 'FOXF': 142.0, 'GOLD': 26.0, 'HOFT': 95.0, 'HTHT': 172.0, 'JBSS': 1.0, 'MGPI': 93.0, 'PLCE': 20.0, 'PRMW': 214.0, 'SKYW': 21.0, 'SSRM': 143.0, 'TWOU': 18.0, 'WIFI': 84.0};177.88945245744088
3;20;markowitz_portfolio_with_forecast_and adjusted covariance_matrix;0.4363109378672634;0.00026367055738082794;1578.9056692665613;{'AABA': 2.0, 'AAL': 3.0, 'AAOI': 4.0, 'AAON': 4.0, 'AAPL': 1.0, 'AAWW': 2.0, 'AAXN': 6.0, 'ABCB': 3.0, 'ABG': 2.0, 'ABMD': 1.0, 'ABX': 10.0, 'ACGL': 4.0, 'ACHC': 4.0, 'ACHN': 10.0, 'ACIW': 6.0, 'ACOR': 5.0, 'ACXM': 5.0, 'ADBE': 1.0, 'ADI': 2.0, 'ADMS': 5.0, 'ADP': 1.0, 'ADSK': 1.0, 'ADUS': 4.0, 'ADXS': 86.0, 'AEGN': 5.0, 'AEIS': 2.0, 'AERI': 346.0, 'AFSI': 4.0, 'AGEN': 37.0, 'AGIO': 2.0, 'AGRX': 29.0, 'AGX': 2.0, 'AGYS': 12.0, 'AIMC': 3.0, 'AIN': 2.0, 'AIT': 2.0, 'AKAO': 10.0, 'AKBA': 10.0, 'AKRX': 4.0, 'AKS': 33.0, 'ALCO': 4.0, 'ALGN': 1.0, 'ALGT': 1.0, 'ALKS': 3.0, 'ALNY': 1.0, 'ALXN': 1.0, 'AMAT': 3.0, 'AMBA': 3.0, 'AMBC': 9.0, 'AMCX': 3.0, 'AMED': 3.0, 'AMGN': 1.0, 'AMKR': 13.0, 'AMNB': 4.0, 'AMOT': 5.0, 'AMPH': 8.0, 'AMSC': 39.0, 'AMSF': 2.0, 'AMSWA': 12.0, 'AMWD': 2.0, 'ANAT': 1.0, 'ANCX': 5.0, 'ANDV': 1.0, 'ANDX': 3.0, 'ANGI': 12.0, 'ANGO': 8.0, 'ANIK': 3.0, 'ANIP': 2.0, 'ANSS': 1.0, 'AOBC': 10.0, 'AOSL': 8.0, 'APC': 3.0, 'APD': 1.0, 'APEI': 7.0, 'APOG': 3.0, 'AQXP': 13.0, 'ARCB': 4.0, 'AREX': 70.0, 'ARII': 4.0, 'ARLP': 7.0, 'ARNA': 5.0, 'AROW': 4.0, 'ARRS': 5.0, 'ARRY': 14.0, 'ARWR': 62.0, 'ASCMA': 12.0, 'ASH': 2.0, 'ASMB': 5.0, 'ASML': 1.0, 'ASPS': 8.0, 'ASR': 1.0, 'ASTE': 3.0, 'ASYS': 11.0, 'ATI': 6.0, 'ATRC': 8.0, 'ATRO': 4.0, 'ATSG': 6.0, 'ATTU': 18.0, 'ATVI': 2.0, 'AUTO': 34.0, 'AVAV': 3.0, 'AVDL': 14.0, 'AVGO': 1.0, 'AVY': 1.0, 'AXDX': 7.0, 'AYI': 1.0, 'AZPN': 2.0, 'AZZ': 3.0, 'BAK': 5.0, 'BANF': 3.0, 'BANR': 2.0, 'BBL': 4.0, 'BBSI': 103.0, 'BCOR': 7.0, 'BCPC': 2.0, 'BDC': 2.0, 'BDGE': 4.0, 'BECN': 3.0, 'BELFB': 5.0, 'BGCP': 9.0, 'BGG': 6.0, 'BHP': 4.0, 'BIDU': 1.0, 'BJRI': 3.0, 'BLDR': 8.0, 'BLKB': 1.0, 'BLL': 3.0, 'BLMN': 8.0, 'BMRC': 2.0, 'BMS': 3.0, 'BMTC': 3.0, 'BNFT': 5.0, 'BOFI': 6.0, 'BOKF': 2.0, 'BOOM': 7.0, 'BPL': 2.0, 'BRC': 4.0, 'BREW': 8.0, 'BRKR': 4.0, 'BRKS': 4.0, 'BSET': 4.0, 'BTE': 55.0, 'BVN': 10.0, 'BWXT': 2.0, 'CALM': 3.0, 'CAMP': 7.0, 'CARB': 7.0, 'CASY': 1.0, 'CATY': 3.0, 'CBOE': 1.0, 'CBRL': 1.0, 'CBT': 2.0, 'CCBG': 6.0, 'CCJ': 16.0, 'CCLP': 7.0, 'CCMP': 2.0, 'CCOI': 3.0, 'CDNS': 3.0, 'CDW': 2.0, 'CEA': 5.0, 'CECE': 16.0, 'CECO': 12.0, 'CENTA': 4.0, 'CENX': 10.0, 'CEO': 1.0, 'CERN': 2.0, 'CEVA': 3.0, 'CFFN': 10.0, 'CGNX': 3.0, 'CHDN': 1.0, 'CHEF': 7.0, 'CHKP': 1.0, 'CHRW': 2.0, 'CHSCN': 5.0, 'CHSCO': 5.0, 'CHUY': 6.0, 'CKH': 3.0, 'CLX': 1.0, 'CMCO': 4.0, 'CMCSA': 4.0, 'CMRE': 23.0, 'CMTL': 7.0, 'CNI': 2.0, 'CNQ': 4.0, 'CNTY': 16.0, 'COG': 5.0, 'COHR': 1.0, 'COHU': 6.0, 'COKE': 1.0, 'COLM': 2.0, 'COMM': 4.0, 'CONE': 2.0, 'CONN': 6.0, 'CORE': 4.0, 'COST': 1.0, 'CPA': 1.0, 'CPE': 13.0, 'CPRT': 4.0, 'CPSI': 5.0, 'CRMT': 3.0, 'CROX': 15.0, 'CRUS': 3.0, 'CRZO': 7.0, 'CSCO': 4.0, 'CSFL': 6.0, 'CSIQ': 8.0, 'CSOD': 4.0, 'CSWC': 8.0, 'CSX': 3.0, 'CTAS': 1.0, 'CTRE': 7.0, 'CTRL': 4.0, 'CTRN': 7.0, 'CTSH': 2.0, 'CTXS': 2.0, 'CVCO': 1.0, 'CVGI': 16.0, 'CVGW': 2.0, 'CVLT': 3.0, 'CVTI': 5.0, 'CVX': 1.0, 'CYD': 6.0, 'CYOU': 4.0, 'DAKT': 14.0, 'DAL': 3.0, 'DENN': 11.0, 'DEST': 10.0, 'DFRG': 10.0, 'DHT': 33.0, 'DISH': 3.0, 'DLTR': 1.0, 'DNKN': 2.0, 'DORM': 2.0, 'DOX': 2.0, 'DSX': 38.0, 'DWSN': 35.0, 'DXPE': 6.0, 'ECHO': 6.0, 'ENTG': 5.0, 'EPAY': 4.0, 'ERA': 13.0, 'ESLT': 1.0, 'EXPD': 2.0, 'EXPE': 1.0, 'EXPO': 4.0, 'EZPW': 14.0, 'FANG': 1.0, 'FARM': 4.0, 'FARO': 3.0, 'FDX': 1.0, 'FELE': 3.0, 'FIZZ': 2.0, 'FLDM': 24.0, 'FLIR': 3.0, 'FLXS': 3.0, 'FOLD': 12.0, 'FOXF': 4.0, 'FRO': 27.0, 'FSTR': 6.0, 'FWRD': 2.0, 'GEOS': 11.0, 'GIII': 6.0, 'GNMX': 103.0, 'GNTX': 7.0, 'GOLD': 2.0, 'GPOR': 10.0, 'GPRE': 9.0, 'GRMN': 2.0, 'GSM': 9.0, 'GTLS': 5.0, 'HAIN': 4.0, 'HAYN': 4.0, 'HCCI': 7.0, 'HELE': 2.0, 'HNRG': 28.0, 'HOFT': 4.0, 'HOLI': 6.0, 'HTHT': 5.0, 'HTLD': 7.0, 'HUBG': 3.0, 'HURC': 3.0, 'HWKN': 4.0, 'HYGS': 17.0, 'IART': 3.0, 'IEP': 2.0, 'IIIN': 5.0, 'IIVI': 4.0, 'ILMN': 1.0, 'IOSP': 2.0, 'IPAR': 3.0, 'IPHS': 3.0, 'IRBT': 2.0, 'ITRI': 2.0, 'JBHT': 1.0, 'JBLU': 7.0, 'JBSS': 2.0, 'JJSF': 1.0, 'JOBS': 2.0, 'JOUT': 2.0, 'JVA': 36.0, 'KALU': 1.0, 'KBAL': 8.0, 'KLAC': 1.0, 'KMX': 2.0, 'KNX': 4.0, 'KSU': 1.0, 'LANC': 1.0, 'LFUS': 1.0, 'LGCYO': 27.0, 'LMNR': 6.0, 'LPG': 19.0, 'LSTR': 1.0, 'LTM': 11.0, 'LULU': 2.0, 'LWAY': 15.0, 'LYTS': 20.0, 'MDLZ': 3.0, 'MDRX': 11.0, 'MEOH': 3.0, 'MERC': 10.0, 'MGEE': 2.0, 'MGPI': 207.0, 'MLHR': 4.0, 'MMLP': 4.0, 'MNST': 2.0, 'MRTN': 8.0, 'MTRX': 10.0, 'MYRG': 4.0, 'NHTC': 7.0, 'NSC': 1.0, 'NWPX': 9.0, 'NYNY': 6.0, 'ODFL': 1.0, 'OMAB': 3.0, 'PAAS': 8.0, 'PATK': 2.0, 'PDCE': 3.0, 'PEP': 1.0, 'PERY': 6.0, 'PETX': 21.0, 'PHIIK': 11.0, 'PLCE': 1.0, 'PLPC': 2.0, 'POOL': 1.0, 'POWL': 5.0, 'PPC': 5.0, 'PRIM': 5.0, 'PRMW': 12.0, 'PTEN': 8.0, 'PTSI': 5.0, 'RAIL': 10.0, 'RCKY': 9.0, 'RGLD': 2.0, 'ROCK': 4.0, 'RRTS': 17.0, 'RUSHA': 3.0, 'RYAAY': 1.0, 'SAFM': 1.0, 'SAIA': 2.0, 'SBLK': 24.0, 'SCHN': 5.0, 'SENEA': 4.0, 'SGC': 6.0, 'SHOO': 4.0, 'SKYW': 3.0, 'SLGN': 5.0, 'SNBR': 5.0, 'SODA': 2.0, 'SPTN': 6.0, 'SRCE': 3.0, 'SSRM': 14.0, 'STLD': 4.0, 'STNG': 39.0, 'TESS': 10.0, 'THRM': 4.0, 'TILE': 6.0, 'TWOU': 2.0, 'UFPI': 4.0, 'USAK': 9.0, 'USAP': 8.0, 'USLM': 2.0, 'VLRS': 13.0, 'VNET': 21.0, 'VNOM': 9.0, 'WDFC': 1.0, 'WERN': 4.0, 'WIFI': 7.0, 'WIRE': 3.0, 'WLFC': 6.0, 'WPRT': 79.0, 'WWD': 2.0, 'XEC': 1.0, 'XLRN': 4.0, 'YRCW': 10.0, 'ZEUS': 7.0};32.74013996124768
4;20;markowitz_portfolio_with_forecast_and_latent_features;0.5290966487458346;0.12718487741990195;4.002808030903294;{'AAOI': 10.0, 'ABMD': 30.0, 'ACHC': 52.0, 'ADMS': 5.0, 'ADXS': 85.0, 'AERI': 5.0, 'AKAO': 75.0, 'ALGN': 13.0, 'AMCX': 67.0, 'AMZN': 3.0, 'ANGI': 55.0, 'AOBC': 2.0, 'AQXP': 77.0, 'ARRY': 74.0, 'ASMB': 17.0, 'AUTO': 9.0, 'BWXT': 138.0, 'CBOE': 100.0, 'COHR': 19.0, 'COKE': 11.0, 'ESLT': 62.0, 'FIZZ': 118.0, 'FOXF': 100.0, 'GOLD': 17.0, 'HOFT': 146.0, 'HTHT': 99.0, 'MGPI': 52.0, 'PLCE': 17.0, 'PRMW': 102.0, 'SKYW': 57.0, 'SSRM': 180.0, 'WIFI': 89.0};261.6221404075658
0;19;markowitz_portfolio_without_forecast_without_preselection;0.3803695902148569;0.08846121910223707;4.073757900604646;{'CLX': 11.0, 'MGPI': 51.0, 'CSFL': 43.0, 'CME': 1.0, 'PGR': 83.0, 'EGRX': 9.0, 'INBK': 5.0, 'OFLX': 26.0, 'ALGN': 5.0, 'NURO': 109.0, 'LMAT': 79.0, 'TVIX': 67.0, 'IRS': 4.0, 'CUTR': 9.0, 'GOLD': 10.0, 'LOGI': 54.0, 'TTWO': 24.0, 'MZOR': 22.0, 'SPHS': 193.0, 'CENTA': 28.0, 'TPL': 3.0, 'HSKA': 41.0, 'PETS': 14.0, 'FOXF': 72.0, 'ZGNX': 2.0, 'ITI': 189.0, 'AMZN': 3.0, 'PAYC': 1.0, 'BWXT': 127.0, 'EXEL': 99.0, 'CLUB': 88.0, 'COR': 49.0, 'WB': 3.0, 'WD': 69.0, 'COT': 34.0, 'INGN': 10.0, 'PMD': 15.0, 'CASI': 438.0, 'MASI': 3.0, 'CASH': 11.0, 'CNBKA': 42.0, 'AXGN': 203.0, 'SYNC': 222.0, 'SKYW': 34.0, 'TSE': 33.0, 'MTL': 19.0, 'MTN': 13.0, 'STZ': 26.0, 'MBOT': 79.0, 'NERV': 22.0, 'TSN': 39.0, 'RYAAY': 3.0, 'HTHT': 102.0, 'PLUS': 11.0, 'RENN': 52.0};-1796.8004366159525
1;19;markowitz_portfolio_without_forecast;0.4585509281009817;0.14985622924133649;2.926477800230218;{'ABMD': 36.0, 'ACGL': 159.0, 'AERI': 19.0, 'AKAO': 83.0, 'AMZN': 6.0, 'ANGI': 9.0, 'AQXP': 83.0, 'ARRY': 55.0, 'ASMB': 55.0, 'ATSG': 41.0, 'BWXT': 156.0, 'CBOE': 20.0, 'CENTA': 72.0, 'COHR': 1.0, 'COKE': 14.0, 'ESLT': 64.0, 'FIZZ': 81.0, 'FOXF': 215.0, 'GOLD': 24.0, 'HOFT': 102.0, 'HTHT': 185.0, 'IRBT': 1.0, 'JBSS': 4.0, 'MGPI': 101.0, 'PLCE': 24.0, 'PRMW': 301.0, 'SKYW': 15.0, 'SSRM': 143.0, 'TWOU': 7.0};-35.03078174591593
2;19;markowitz_portfolio_with_forecast;0.45466750333844463;0.14869893922026273;2.923137889333469;{'ABMD': 35.0, 'ACGL': 153.0, 'AERI': 18.0, 'AKAO': 84.0, 'AMSC': 310.0, 'AMZN': 6.0, 'ANGI': 1.0, 'AOBC': 3.0, 'AQXP': 81.0, 'ARRY': 39.0, 'ASMB': 56.0, 'ATSG': 43.0, 'BWXT': 137.0, 'CBOE': 28.0, 'CENTA': 64.0, 'COHR': 1.0, 'COKE': 15.0, 'EFOI': 183.0, 'ESLT': 61.0, 'FIZZ': 81.0, 'FOXF': 205.0, 'GOLD': 24.0, 'HOFT': 104.0, 'HTHT': 190.0, 'IRBT': 4.0, 'JBSS': 9.0, 'MGPI': 94.0, 'PLCE': 28.0, 'PRMW': 286.0, 'SKYW': 6.0, 'SSRM': 137.0, 'TWOU': 5.0};-91.93079090118897
3;19;markowitz_portfolio_with_forecast_and adjusted covariance_matrix;0.7995715389382068;7.084194356560019e-05;11004.378193214272;{'ADXS': 1.0, 'AERI': 1590.0, 'ALDR': 139.0, 'AMSC': 1.0, 'CUI': 2.0, 'EFOI': 2.0, 'ICON': 2.0, 'MCEP': 1.0};19.84994697571171
4;19;markowitz_portfolio_with_forecast_and_latent_features;0.43412402008344536;0.11281322384998613;3.670881887340872;{'ABMD': 14.0, 'ACGL': 305.0, 'AERI': 29.0, 'AKAO': 114.0, 'ALDR': 28.0, 'AMSC': 700.0, 'AMZN': 9.0, 'ANGI': 16.0, 'AOBC': 74.0, 'AQXP': 110.0, 'ASMB': 117.0, 'ATSG': 2.0, 'BSET': 52.0, 'BWXT': 112.0, 'CBOE': 25.0, 'CENTA': 17.0, 'CHTR': 3.0, 'COHR': 1.0, 'COKE': 10.0, 'EFOI': 189.0, 'ESLT': 32.0, 'FIZZ': 53.0, 'FOXF': 124.0, 'GOLD': 36.0, 'HOFT': 238.0, 'HTHT': 85.0, 'ICON': 50.0, 'IRBT': 16.0, 'JBSS': 9.0, 'MGPI': 46.0, 'PLCE': 25.0, 'PRMW': 417.0, 'SSRM': 106.0};-278.70090103149954
0;18;markowitz_portfolio_without_forecast_without_preselection;0.36262107884541156;0.08582911408610068;3.99189811631641;{'CLX': 19.0, 'MGPI': 50.0, 'CSFL': 35.0, 'CME': 9.0, 'PGR': 97.0, 'EGRX': 9.0, 'INBK': 4.0, 'OFLX': 23.0, 'ALGN': 2.0, 'VCEL': 32.0, 'NURO': 115.0, 'CNC': 3.0, 'LMAT': 80.0, 'TVIX': 65.0, 'IRS': 6.0, 'CUTR': 9.0, 'GOLD': 9.0, 'LOGI': 37.0, 'TTWO': 20.0, 'MZOR': 18.0, 'SPHS': 187.0, 'CENTA': 34.0, 'TPL': 3.0, 'HSKA': 41.0, 'PETS': 24.0, 'FOXF': 76.0, 'ITI': 223.0, 'AMZN': 4.0, 'INFO': 7.0, 'BWXT': 126.0, 'EXEL': 98.0, 'CLUB': 76.0, 'COR': 45.0, 'WD': 64.0, 'COT': 44.0, 'INGN': 11.0, 'PMD': 37.0, 'CASI': 429.0, 'CASH': 12.0, 'CNBKA': 40.0, 'CPRT': 9.0, 'AXGN': 202.0, 'SYNC': 223.0, 'SKYW': 33.0, 'TSE': 28.0, 'MTL': 18.0, 'MTN': 11.0, 'STZ': 24.0, 'MBOT': 75.0, 'NERV': 14.0, 'TSN': 40.0, 'RYAAY': 1.0, 'HTHT': 105.0, 'PLUS': 5.0, 'ULTA': 2.0, 'RENN': 56.0};708.1138324737511
1;18;markowitz_portfolio_without_forecast;0.4480760668650214;0.13705204334102555;3.1234562902491207;{'ABMD': 30.0, 'ACHN': 61.0, 'AERI': 11.0, 'AKAO': 20.0, 'ALGN': 14.0, 'AMZN': 4.0, 'AQXP': 67.0, 'ARRY': 47.0, 'ASMB': 65.0, 'BWXT': 194.0, 'CBOE': 101.0, 'CECE': 16.0, 'CENTA': 62.0, 'COHR': 5.0, 'COKE': 11.0, 'ESLT': 42.0, 'FIZZ': 71.0, 'FOXF': 114.0, 'GOLD': 39.0, 'HOFT': 88.0, 'HTHT': 241.0, 'IIVI': 12.0, 'JBSS': 8.0, 'MGPI': 82.0, 'PLCE': 30.0, 'PRMW': 294.0, 'SKYW': 19.0, 'SSRM': 16.0, 'TWOU': 9.0, 'WIFI': 50.0};1129.9854478836378
2;18;markowitz_portfolio_with_forecast;0.5084958231229557;0.1426939631814785;3.423381145435603;{'ABMD': 29.0, 'ACHN': 350.0, 'AERI': 9.0, 'AKAO': 6.0, 'ALGN': 10.0, 'AMZN': 5.0, 'AQXP': 64.0, 'ARRY': 2.0, 'ASMB': 73.0, 'BWXT': 211.0, 'CBOE': 136.0, 'CECE': 68.0, 'CENTA': 68.0, 'COHR': 4.0, 'COKE': 10.0, 'ESLT': 34.0, 'FIZZ': 66.0, 'FOXF': 99.0, 'FRO': 154.0, 'GOLD': 35.0, 'HOFT': 78.0, 'HTHT': 192.0, 'JBSS': 6.0, 'MGPI': 83.0, 'PLCE': 31.0, 'PRMW': 256.0, 'SKYW': 18.0, 'SSRM': 5.0, 'WIFI': 56.0};893.8404111862507
3;18;markowitz_portfolio_with_forecast_and adjusted covariance_matrix;0.7145169672309882;0.0007186874113456135;966.3686273989822;{'ACHN': 2622.0, 'FOLD': 7422.0};0.0
4;18;markowitz_portfolio_with_forecast_and_latent_features;0.5252751341772461;0.1270210036937718;3.977886487146544;{'ABMD': 24.0, 'ACHN': 443.0, 'AERI': 10.0, 'AKAO': 37.0, 'ALGN': 5.0, 'AMZN': 6.0, 'AQXP': 73.0, 'ARRY': 43.0, 'ASMB': 85.0, 'BWXT': 235.0, 'CBOE': 114.0, 'CECE': 70.0, 'CENTA': 60.0, 'CHDN': 4.0, 'CLX': 6.0, 'COHR': 6.0, 'COKE': 11.0, 'EFOI': 202.0, 'ESLT': 46.0, 'ESND': 9.0, 'FIZZ': 40.0, 'FOSL': 8.0, 'FOXF': 118.0, 'FRO': 156.0, 'GOLD': 30.0, 'HOFT': 70.0, 'HTHT': 197.0, 'JBSS': 1.0, 'MGPI': 82.0, 'PLCE': 29.0, 'PRMW': 211.0, 'SKYW': 7.0, 'SSRM': 80.0, 'TWOU': 1.0, 'WIFI': 22.0};958.0054464340524
0;17;markowitz_portfolio_without_forecast_without_preselection;0.3712077707052367;0.08772895990520965;4.00332764784529;{'CACC': 1.0, 'CLX': 24.0, 'MGPI': 49.0, 'CSFL': 35.0, 'CME': 3.0, 'PGR': 119.0, 'EGRX': 8.0, 'INBK': 1.0, 'SA': 1.0, 'OFLX': 29.0, 'ALGN': 2.0, 'VCEL': 29.0, 'NURO': 114.0, 'CNC': 3.0, 'LMAT': 76.0, 'TVIX': 87.0, 'CUTR': 23.0, 'GOLD': 9.0, 'LOGI': 33.0, 'TTWO': 20.0, 'MZOR': 20.0, 'SPHS': 181.0, 'CENTA': 23.0, 'TPL': 3.0, 'HSKA': 40.0, 'PETS': 35.0, 'FOXF': 71.0, 'ZGNX': 2.0, 'ITI': 279.0, 'AMZN': 3.0, 'BWXT': 122.0, 'EXEL': 95.0, 'CLUB': 69.0, 'COR': 45.0, 'WD': 64.0, 'COT': 15.0, 'INGN': 11.0, 'PMD': 38.0, 'AVY': 1.0, 'CASI': 463.0, 'CASH': 10.0, 'CNBKA': 28.0, 'CPRT': 1.0, 'WTW': 1.0, 'AXGN': 193.0, 'SYNC': 229.0, 'DLTR': 1.0, 'SKYW': 28.0, 'TSE': 30.0, 'MTL': 3.0, 'MTN': 9.0, 'STZ': 24.0, 'MBOT': 95.0, 'NERV': 19.0, 'TSN': 37.0, 'LUNA': 25.0, 'HTHT': 102.0, 'PLUS': 8.0, 'RENN': 52.0, 'NETE': 17.0};991.6602227687924
1;17;markowitz_portfolio_without_forecast;0.4451470921166503;0.13450224560292373;3.1608921487583603;{'ABMD': 29.0, 'ADXS': 89.0, 'AERI': 10.0, 'AKAO': 6.0, 'ALGN': 14.0, 'AMZN': 5.0, 'AQXP': 56.0, 'ARRY': 27.0, 'ASMB': 66.0, 'ASNA': 1.0, 'BWXT': 198.0, 'CBOE': 127.0, 'CENTA': 47.0, 'COHR': 5.0, 'COKE': 12.0, 'EFOI': 1.0, 'ESLT': 29.0, 'FIZZ': 61.0, 'FOXF': 94.0, 'GOLD': 36.0, 'HOFT': 61.0, 'HTHT': 216.0, 'JBSS': 15.0, 'MCEP': 4.0, 'MGPI': 83.0, 'PLCE': 30.0, 'PRMW': 250.0, 'SKYW': 25.0, 'SSRM': 30.0, 'TWOU': 13.0, 'WIFI': 87.0};1679.2902002335154
2;17;markowitz_portfolio_with_forecast;0.46894152325106503;0.13715874336643052;3.2731527880193676;{'ABMD': 27.0, 'ADXS': 91.0, 'AERI': 11.0, 'AKAO': 2.0, 'ALGN': 17.0, 'AMSC': 1.0, 'AMZN': 4.0, 'AQXP': 56.0, 'AREX': 1.0, 'ARRY': 25.0, 'ARWR': 1.0, 'ASMB': 59.0, 'BTE': 1.0, 'BWXT': 199.0, 'CBOE': 131.0, 'CENTA': 51.0, 'COHR': 3.0, 'COKE': 13.0, 'DEST': 1.0, 'DWSN': 1.0, 'ESLT': 32.0, 'FIZZ': 67.0, 'FOXF': 117.0, 'GOLD': 35.0, 'HOFT': 67.0, 'HTHT': 221.0, 'JBSS': 14.0, 'MCEP': 1.0, 'MGPI': 81.0, 'PLCE': 30.0, 'PRMW': 254.0, 'SKYW': 17.0, 'SRCL': 1.0, 'SSRM': 23.0, 'STNG': 1.0, 'TWOU': 14.0, 'WIFI': 82.0};1728.0879042149106
3;17;markowitz_portfolio_with_forecast_and adjusted covariance_matrix;0.2052580547531402;0.00016935053787800618;1093.9324850954606;{'AABA': 3.0, 'AAL': 5.0, 'AAOI': 5.0, 'AAON': 7.0, 'AAPL': 1.0, 'AAWW': 4.0, 'AAXN': 9.0, 'ABCB': 5.0, 'ABG': 4.0, 'ABMD': 1.0, 'ABX': 16.0, 'ACGL': 8.0, 'ACHC': 7.0, 'ACIW': 10.0, 'ACOR': 11.0, 'ACXM': 9.0, 'ADBE': 1.0, 'ADI': 3.0, 'ADMS': 8.0, 'ADP': 2.0, 'ADSK': 2.0, 'ADUS': 7.0, 'ADXS': 27.0, 'AEGN': 9.0, 'AEIS': 3.0, 'AERI': 4.0, 'AGEN': 63.0, 'AGIO': 4.0, 'AGRX': 52.0, 'AGX': 5.0, 'AGYS': 19.0, 'AIMC': 5.0, 'AIN': 4.0, 'AIT': 4.0, 'AKAO': 21.0, 'AKBA': 17.0, 'AKRX': 7.0, 'AKS': 40.0, 'ALCO': 7.0, 'ALDR': 21.0, 'ALGN': 1.0, 'ALGT': 1.0, 'ALKS': 5.0, 'ALNY': 2.0, 'ALXN': 2.0, 'AMAG': 15.0, 'AMAT': 4.0, 'AMBA': 4.0, 'AMBC': 16.0, 'AMCX': 4.0, 'AMED': 4.0, 'AMGN': 1.0, 'AMKR': 22.0, 'AMNB': 6.0, 'AMOT': 7.0, 'AMPH': 12.0, 'AMSC': 72.0, 'AMSF': 4.0, 'AMSWA': 20.0, 'AMWD': 2.0, 'ANAT': 2.0, 'ANCX': 8.0, 'ANDV': 2.0, 'ANDX': 5.0, 'ANGI': 22.0, 'ANGO': 14.0, 'ANIK': 5.0, 'ANIP': 4.0, 'ANSS': 2.0, 'AOBC': 17.0, 'AOSL': 13.0, 'APC': 5.0, 'APD': 1.0, 'APEI': 9.0, 'APOG': 5.0, 'AQXP': 22.0, 'ARCB': 6.0, 'AREX': 114.0, 'ARII': 6.0, 'ARLP': 12.0, 'ARNA': 8.0, 'AROW': 7.0, 'ARRS': 9.0, 'ARRY': 22.0, 'ARWR': 2691.0, 'ASCMA': 20.0, 'ASH': 3.0, 'ASMB': 6.0, 'ASML': 1.0, 'ASNA': 96.0, 'ASPS': 12.0, 'ASR': 1.0, 'ASTE': 4.0, 'ASYS': 22.0, 'ATI': 11.0, 'ATRC': 13.0, 'ATRO': 5.0, 'ATSG': 10.0, 'ATTU': 34.0, 'ATVI': 4.0, 'AUTO': 24.0, 'AVAV': 4.0, 'AVGO': 1.0, 'AVID': 36.0, 'AVY': 2.0, 'AXDX': 9.0, 'AYI': 1.0, 'AZPN': 4.0, 'AZZ': 4.0, 'BAK': 10.0, 'BANF': 4.0, 'BANR': 4.0, 'BBBY': 10.0, 'BBL': 7.0, 'BBSI': 4.0, 'BCOR': 10.0, 'BCPC': 3.0, 'BDC': 3.0, 'BDGE': 7.0, 'BECN': 4.0, 'BELFB': 8.0, 'BGCP': 15.0, 'BGG': 9.0, 'BHP': 6.0, 'BIDU': 1.0, 'BJRI': 6.0, 'BLDR': 12.0, 'BLKB': 2.0, 'BLL': 6.0, 'BLMN': 11.0, 'BMRC': 3.0, 'BMS': 5.0, 'BMTC': 5.0, 'BNFT': 9.0, 'BOFI': 8.0, 'BOKF': 3.0, 'BOOM': 11.0, 'BRC': 6.0, 'BREW': 12.0, 'BRKR': 7.0, 'BRKS': 9.0, 'BSET': 40.0, 'BTE': 115.0, 'BVN': 18.0, 'BWXT': 4.0, 'CALM': 5.0, 'CAMP': 10.0, 'CARB': 10.0, 'CASY': 2.0, 'CATY': 5.0, 'CBOE': 2.0, 'CBRL': 1.0, 'CBT': 4.0, 'CCBG': 10.0, 'CCJ': 23.0, 'CCLP': 44.0, 'CCMP': 3.0, 'CCOI': 5.0, 'CDNS': 5.0, 'CDW': 3.0, 'CEA': 6.0, 'CECO': 19.0, 'CENTA': 7.0, 'CENX': 15.0, 'CEO': 2.0, 'CERN': 3.0, 'CEVA': 5.0, 'CFFN': 17.0, 'CGNX': 4.0, 'CHDN': 1.0, 'CHEF': 12.0, 'CHKP': 2.0, 'CHRW': 3.0, 'CHSCN': 8.0, 'CHSCO': 8.0, 'CHTR': 1.0, 'CHUY': 9.0, 'CKH': 5.0, 'CLX': 2.0, 'CMCO': 6.0, 'CMCSA': 6.0, 'CMRE': 37.0, 'CMTL': 10.0, 'CNI': 3.0, 'CNQ': 8.0, 'CNTY': 25.0, 'COG': 9.0, 'COHR': 1.0, 'COHU': 11.0, 'COKE': 1.0, 'COLM': 3.0, 'COMM': 6.0, 'CONE': 4.0, 'CONN': 7.0, 'CORE': 7.0, 'COST': 1.0, 'CPA': 2.0, 'CPE': 20.0, 'CPRT': 6.0, 'CPSI': 8.0, 'CRMT': 5.0, 'CROX': 18.0, 'CRUS': 4.0, 'CRZO': 12.0, 'CSCO': 6.0, 'CSFL': 9.0, 'CSIQ': 14.0, 'CSOD': 7.0, 'CSWC': 16.0, 'CSX': 4.0, 'CTAS': 1.0, 'CTRE': 14.0, 'CTRL': 7.0, 'CTRN': 9.0, 'CTSH': 3.0, 'CTXS': 3.0, 'CVCO': 2.0, 'CVGI': 24.0, 'CVGW': 3.0, 'CVLT': 4.0, 'CVTI': 8.0, 'CVX': 2.0, 'CYD': 10.0, 'CYOU': 7.0, 'DAKT': 25.0, 'DAL': 4.0, 'DENN': 17.0, 'DEST': 88.0, 'DFRG': 15.0, 'DHT': 47.0, 'DISCA': 12.0, 'DISCK': 13.0, 'DISH': 5.0, 'DLTR': 2.0, 'DNKN': 4.0, 'DORM': 4.0, 'DOX': 4.0, 'DSX': 69.0, 'DWSN': 59.0, 'DXPE': 10.0, 'ECHO': 8.0, 'EFOI': 96.0, 'ENTG': 8.0, 'EPAY': 7.0, 'EQIX': 1.0, 'ERA': 22.0, 'ESLT': 2.0, 'EXPD': 4.0, 'EXPE': 2.0, 'EXPO': 6.0, 'EZPW': 19.0, 'FANG': 2.0, 'FARM': 7.0, 'FARO': 5.0, 'FDX': 1.0, 'FELE': 5.0, 'FIZZ': 2.0, 'FLDM': 33.0, 'FLIR': 5.0, 'FLXS': 5.0, 'FOLD': 20.0, 'FOXF': 6.0, 'FSTR': 10.0, 'FWRD': 4.0, 'GEOS': 20.0, 'GIII': 7.0, 'GNTX': 11.0, 'GOLD': 2.0, 'GPRE': 15.0, 'GRMN': 4.0, 'GSM': 13.0, 'GTLS': 8.0, 'HAIN': 6.0, 'HAYN': 7.0, 'HCCI': 12.0, 'HELE': 2.0, 'HNRG': 38.0, 'HOFT': 6.0, 'HOLI': 10.0, 'HTHT': 7.0, 'HTLD': 10.0, 'HUBG': 5.0, 'HURC': 6.0, 'HWKN': 6.0, 'HYGS': 27.0, 'IART': 5.0, 'IEP': 4.0, 'IIIN': 8.0, 'IIVI': 5.0, 'ILMN': 1.0, 'IOSP': 3.0, 'IPAR': 5.0, 'IPHS': 5.0, 'IRBT': 3.0, 'ITRI': 3.0, 'JBHT': 2.0, 'JBLU': 10.0, 'JBSS': 4.0, 'JJSF': 2.0, 'JOBS': 4.0, 'JOUT': 4.0, 'JVA': 61.0, 'KALU': 2.0, 'KBAL': 13.0, 'KLAC': 2.0, 'KMX': 3.0, 'KNX': 5.0, 'KSU': 2.0, 'LANC': 2.0, 'LFUS': 1.0, 'LGCYO': 65.0, 'LMNR': 11.0, 'LPG': 32.0, 'LSTR': 2.0, 'LTM': 17.0, 'LULU': 3.0, 'LYTS': 33.0, 'MCEP': 239.0, 'MDLZ': 5.0, 'MDRX': 16.0, 'MEOH': 5.0, 'MERC': 17.0, 'MGEE': 4.0, 'MGPI': 3.0, 'MLHR': 6.0, 'MMLP': 13.0, 'MNST': 4.0, 'MRTN': 12.0, 'MTRX': 14.0, 'MYRG': 7.0, 'NHTC': 12.0, 'NSC': 2.0, 'NWPX': 14.0, 'NYNY': 8.0, 'ODFL': 2.0, 'OMAB': 6.0, 'PAAS': 15.0, 'PATK': 4.0, 'PDCE': 5.0, 'PEP': 2.0, 'PERY': 9.0, 'PETX': 43.0, 'PHIIK': 20.0, 'PLCE': 2.0, 'PLPC': 3.0, 'POOL': 2.0, 'POWL': 8.0, 'PPC': 7.0, 'PRIM': 9.0, 'PRMW': 19.0, 'PTEN': 12.0, 'PTSI': 6.0, 'RAIL': 14.0, 'RCKY': 12.0, 'RGLD': 3.0, 'ROCK': 7.0, 'RRTS': 28.0, 'RUSHA': 5.0, 'RYAAY': 2.0, 'SAFM': 2.0, 'SAIA': 3.0, 'SBLK': 35.0, 'SCHN': 7.0, 'SENEA': 7.0, 'SGC': 9.0, 'SHOO': 5.0, 'SKYW': 5.0, 'SLGN': 8.0, 'SNBR': 6.0, 'SODA': 3.0, 'SPTN': 9.0, 'SRCE': 5.0, 'SRCL': 3.0, 'SSRM': 27.0, 'STLD': 6.0, 'STNG': 64.0, 'TESS': 15.0, 'THRM': 7.0, 'TILE': 10.0, 'TWOU': 4.0, 'UFPI': 6.0, 'UHAL': 1.0, 'USAK': 13.0, 'USAP': 12.0, 'USLM': 3.0, 'VLRS': 24.0, 'VNET': 36.0, 'VNOM': 14.0, 'WDFC': 2.0, 'WERN': 6.0, 'WIFI': 10.0, 'WIRE': 5.0, 'WLFC': 10.0, 'WPRT': 149.0, 'WWD': 3.0, 'XEC': 2.0, 'XLRN': 6.0, 'YRCW': 16.0, 'ZEUS': 10.0};4883.89903926848
4;17;markowitz_portfolio_with_forecast_and_latent_features;0.47162421476679356;0.11964338242683879;3.7747529834586464;{'ABMD': 14.0, 'ADXS': 103.0, 'AERI': 17.0, 'AKAO': 29.0, 'ALGN': 9.0, 'AMZN': 5.0, 'AOBC': 17.0, 'AQXP': 129.0, 'ARRY': 63.0, 'ASMB': 56.0, 'BWXT': 220.0, 'CBOE': 120.0, 'COHR': 10.0, 'COKE': 9.0, 'ESLT': 47.0, 'FIZZ': 55.0, 'FOXF': 136.0, 'GOLD': 33.0, 'HOFT': 62.0, 'HTHT': 260.0, 'JBSS': 22.0, 'MGPI': 73.0, 'PATK': 6.0, 'PLCE': 24.0, 'PRMW': 339.0, 'SKYW': 23.0, 'SSRM': 54.0, 'WIFI': 59.0};1920.470112800661
0;16;markowitz_portfolio_without_forecast_without_preselection;0.37561182008538796;0.08889990647659719;4.000137167512121;{'CACC': 1.0, 'CLX': 24.0, 'MGPI': 49.0, 'CSFL': 30.0, 'CME': 5.0, 'PGR': 114.0, 'EGRX': 11.0, 'ROST': 3.0, 'INBK': 3.0, 'OFLX': 29.0, 'ALGN': 2.0, 'VCEL': 46.0, 'NURO': 108.0, 'CNC': 4.0, 'LMAT': 78.0, 'TVIX': 99.0, 'IRS': 12.0, 'CUTR': 17.0, 'GOLD': 10.0, 'LOGI': 39.0, 'TTWO': 23.0, 'MZOR': 19.0, 'SPHS': 179.0, 'HIIQ': 4.0, 'CENTA': 22.0, 'TPL': 4.0, 'HSKA': 38.0, 'PETS': 38.0, 'FOXF': 75.0, 'ITI': 270.0, 'AMZN': 3.0, 'BWXT': 122.0, 'EXEL': 88.0, 'CLUB': 66.0, 'COR': 43.0, 'WB': 1.0, 'WD': 68.0, 'COT': 5.0, 'INGN': 8.0, 'PMD': 41.0, 'WATT': 7.0, 'AVY': 1.0, 'CASI': 449.0, 'MASI': 1.0, 'CASH': 6.0, 'CNBKA': 9.0, 'WTW': 1.0, 'AXGN': 184.0, 'SYNC': 223.0, 'DLTR': 1.0, 'SKYW': 26.0, 'TSE': 28.0, 'MTL': 19.0, 'MTN': 4.0, 'STZ': 22.0, 'MBOT': 95.0, 'NERV': 16.0, 'TSN': 37.0, 'LUNA': 89.0, 'SQNS': 5.0, 'HTHT': 101.0, 'PLUS': 5.0, 'ULTA': 2.0, 'RENN': 46.0, 'NETE': 23.0};2244.8630465269166
1;16;markowitz_portfolio_without_forecast;0.44058895982477153;0.13360141799786224;3.1480875437377573;{'ABMD': 27.0, 'AERI': 11.0, 'AKAO': 11.0, 'ALGN': 7.0, 'AMZN': 5.0, 'AQXP': 59.0, 'ARRY': 80.0, 'ASMB': 65.0, 'BWXT': 198.0, 'CBOE': 135.0, 'CEA': 10.0, 'CENTA': 41.0, 'CLX': 1.0, 'COHR': 5.0, 'COKE': 8.0, 'ESLT': 17.0, 'FIZZ': 60.0, 'FOXF': 123.0, 'GOLD': 43.0, 'HOFT': 50.0, 'HTHT': 209.0, 'IIVI': 6.0, 'JBSS': 18.0, 'MGPI': 82.0, 'PLCE': 36.0, 'PRMW': 276.0, 'SKYW': 17.0, 'SSRM': 2.0, 'TWOU': 5.0, 'WIFI': 74.0};1920.103424072252
2;16;markowitz_portfolio_with_forecast;0.42694715342372863;0.1346204695816863;3.022921808906611;{'CBOE': 117, 'BWXT': 203, 'HTHT': 226, 'FIZZ': 68, 'MGPI': 89, 'FOXF': 146, 'ABMD': 31, 'AMZN': 5, 'PLCE': 37, 'ESLT': 32, 'PRMW': 333, 'GOLD': 39, 'ASMB': 72, 'HOFT': 63, 'COKE': 12, 'CENTA': 55, 'WIFI': 85, 'JBSS': 25, 'ARRY': 94, 'CEA': 20, 'AERI': 14, 'AQXP': 61, 'SQBG': 396, 'COHR': 2, 'CLX': 4, 'SSRM': 44, 'AKAO': 25, 'SKYW': 6};1828.515894889811
3;16;markowitz_portfolio_with_forecast_and adjusted covariance_matrix;0.6995025433696787;0.000771077471056746;881.2377081104888;{'AERI': 1526.0, 'FOLD': 637.0};0.0
4;16;markowitz_portfolio_with_forecast_and_latent_features;0.4215286138630169;0.1085887919545801;3.6976985067755974;{'ABMD': 59.0, 'ACGL': 62.0, 'AERI': 22.0, 'AKAO': 42.0, 'AMZN': 4.0, 'ANGI': 13.0, 'AQXP': 57.0, 'ARRY': 89.0, 'ASMB': 41.0, 'BWXT': 204.0, 'CBOE': 107.0, 'CEA': 34.0, 'CHTR': 1.0, 'CLX': 14.0, 'COHR': 5.0, 'COKE': 1.0, 'CRUS': 22.0, 'ESLT': 25.0, 'FIZZ': 46.0, 'FOXF': 173.0, 'GNMX': 1.0, 'GOLD': 44.0, 'HOFT': 68.0, 'HTHT': 156.0, 'JBSS': 39.0, 'MGPI': 64.0, 'PLCE': 22.0, 'PRMW': 290.0, 'SAFM': 11.0, 'SKYW': 32.0, 'SQBG': 640.0, 'SSRM': 34.0, 'WIFI': 70.0};1579.6008701324345
0;15;markowitz_portfolio_without_forecast_without_preselection;0.3651907381811631;0.08548865921132906;4.037854159437068;{'ICUI': 1.0, 'CACC': 1.0, 'CLX': 23.0, 'MGPI': 46.0, 'CME': 4.0, 'PGR': 122.0, 'EGRX': 9.0, 'ROST': 10.0, 'OFLX': 20.0, 'ALGN': 4.0, 'VCEL': 46.0, 'NURO': 104.0, 'CNC': 5.0, 'LMAT': 78.0, 'TVIX': 102.0, 'CUTR': 22.0, 'NTWK': 7.0, 'GOLD': 12.0, 'LOGI': 43.0, 'TTWO': 19.0, 'MZOR': 19.0, 'SPHS': 165.0, 'CENTA': 18.0, 'TPL': 5.0, 'HSKA': 35.0, 'PETS': 30.0, 'FOXF': 63.0, 'ITI': 231.0, 'AMZN': 3.0, 'INFO': 14.0, 'PAYC': 1.0, 'BWXT': 111.0, 'EXEL': 82.0, 'CLUB': 70.0, 'COR': 31.0, 'WB': 1.0, 'WD': 58.0, 'COT': 8.0, 'INGN': 7.0, 'PMD': 39.0, 'WATT': 1.0, 'AVY': 2.0, 'CASI': 376.0, 'CASH': 17.0, 'CNBKA': 12.0, 'WTW': 5.0, 'AXGN': 178.0, 'SYNC': 222.0, 'DLTR': 3.0, 'SKYW': 27.0, 'TSE': 27.0, 'ESSA': 4.0, 'MTL': 13.0, 'MTN': 10.0, 'STZ': 19.0, 'MBOT': 88.0, 'NERV': 21.0, 'TSN': 34.0, 'HTHT': 96.0, 'PLUS': 7.0, 'RENN': 49.0, 'NETE': 23.0};1636.0098774433206
1;15;markowitz_portfolio_without_forecast;0.44077292072454977;0.13390022719306435;3.142436197048847;{'ABMD': 20.0, 'ACGL': 7.0, 'AERI': 14.0, 'AKAO': 23.0, 'ALGN': 8.0, 'AMZN': 3.0, 'AQXP': 58.0, 'ARRY': 44.0, 'ASMB': 60.0, 'BWXT': 181.0, 'CBOE': 100.0, 'CEA': 2.0, 'CENTA': 58.0, 'CLX': 9.0, 'COHR': 4.0, 'COKE': 11.0, 'ESLT': 49.0, 'FIZZ': 72.0, 'FOXF': 155.0, 'GOLD': 34.0, 'HOFT': 80.0, 'HTHT': 175.0, 'JBSS': 10.0, 'JOUT': 5.0, 'MGPI': 75.0, 'PLCE': 24.0, 'PRMW': 269.0, 'SKYW': 7.0, 'SSRM': 37.0, 'STNG': 58.0, 'WIFI': 108.0};-2596.5903892516963
2;15;markowitz_portfolio_with_forecast;0.4511481653856877;0.13494055241362723;3.195097082929589;{'ABMD': 24.0, 'AERI': 10.0, 'AKAO': 13.0, 'ALGN': 9.0, 'AMZN': 3.0, 'AQXP': 56.0, 'ARRY': 47.0, 'ASMB': 56.0, 'BWXT': 169.0, 'CBOE': 127.0, 'CEA': 1.0, 'CENTA': 45.0, 'CLX': 6.0, 'COKE': 11.0, 'ESLT': 34.0, 'FIZZ': 67.0, 'FOXF': 138.0, 'FRO': 62.0, 'GOLD': 36.0, 'HOFT': 67.0, 'HTHT': 178.0, 'JBSS': 10.0, 'MGPI': 78.0, 'PLCE': 26.0, 'PRMW': 268.0, 'SKYW': 7.0, 'SSRM': 32.0, 'STNG': 634.0, 'TWOU': 7.0, 'WIFI': 89.0};-2496.8104066848628
3;15;markowitz_portfolio_with_forecast_and adjusted covariance_matrix;0.7552635192387885;6.0546690750325265e-06;121437.44110983284;{'ABMD': 403.0, 'ABX': 1.0, 'ACET': 1.0, 'ACHC': 1.0, 'ACIW': 1.0, 'ADXS': 1.0, 'AEGN': 1.0, 'AFSI': 1.0, 'AGEN': 1.0, 'AGRX': 5.0, 'AGYS': 1.0, 'AKS': 2.0, 'AMBC': 1.0, 'AMKR': 1.0, 'AMPH': 1.0, 'AMSC': 5.0, 'AMSWA': 1.0, 'ANGO': 1.0, 'AOBC': 1.0, 'APEI': 1.0, 'AREX': 4.0, 'ARII': 1.0, 'ARLP': 1.0, 'ARRS': 1.0, 'ARWR': 9.0, 'ASCMA': 1.0, 'ASNA': 16.0, 'ATI': 1.0, 'ATRC': 1.0, 'ATTU': 2.0, 'AUTO': 1.0, 'AVDL': 1.0, 'AVID': 3.0, 'BBL': 1.0, 'BGCP': 1.0, 'BGG': 1.0, 'BHP': 1.0, 'BLMN': 1.0, 'BTE': 9.0, 'CCJ': 2.0, 'CCLP': 2.0, 'CENX': 1.0, 'CFFN': 1.0, 'CHSCN': 1.0, 'CHSCO': 1.0, 'CHUY': 1.0, 'CKH': 1.0, 'CMRE': 2.0, 'CNQ': 1.0, 'CNTY': 1.0, 'COG': 1.0, 'CROX': 1.0, 'CSIQ': 1.0, 'CSWC': 1.0, 'CTRE': 1.0, 'CTRN': 1.0, 'DAKT': 1.0, 'DEST': 12.0, 'DFRG': 1.0, 'DHT': 3.0, 'DISCK': 1.0, 'DSX': 7.0, 'DWSN': 1.0, 'EFOI': 3.0, 'EPAY': 1.0, 'ERA': 1.0, 'EZPW': 1.0, 'FLDM': 2.0, 'FOLD': 81.0, 'FRO': 16.0, 'GEOS': 1.0, 'GNMX': 13.0, 'GPOR': 1.0, 'GPRE': 1.0, 'GSM': 1.0, 'GTLS': 1.0, 'HAIN': 1.0, 'HAYN': 1.0, 'HNRG': 2.0, 'HOLI': 1.0, 'HTLD': 1.0, 'HYGS': 1.0, 'JVA': 3.0, 'LGCYO': 2.0, 'LPG': 2.0, 'LWAY': 2.0, 'LYTS': 2.0, 'MCEP': 2.0, 'MDRX': 1.0, 'MRTN': 1.0, 'MTRX': 1.0, 'PERY': 1.0, 'PETX': 5.0, 'PHIIK': 1.0, 'PPC': 1.0, 'RAIL': 1.0, 'RRTS': 2.0, 'SBLK': 3.0, 'SLGN': 1.0, 'SPTN': 1.0, 'SSRM': 1.0, 'THRM': 1.0, 'VLRS': 1.0, 'VNET': 2.0, 'VNOM': 1.0, 'WLFC': 1.0, 'WPRT': 12.0};-80.04380393028246
4;15;markowitz_portfolio_with_forecast_and_latent_features;0.43395823009733875;0.0999276958718532;4.142577555557739;{'ABMD': 13.0, 'ACGL': 47.0, 'ADUS': 2.0, 'AERI': 15.0, 'AKAO': 27.0, 'ALGN': 30.0, 'AMAG': 19.0, 'AMZN': 4.0, 'ANGI': 57.0, 'AQXP': 70.0, 'ARRY': 98.0, 'ASMB': 24.0, 'BWXT': 205.0, 'CBOE': 112.0, 'CEA': 17.0, 'CENTA': 4.0, 'CLX': 12.0, 'COKE': 14.0, 'CUI': 83.0, 'ESLT': 40.0, 'FIZZ': 24.0, 'FOXF': 123.0, 'FRO': 87.0, 'GOLD': 21.0, 'HOFT': 32.0, 'HTHT': 63.0, 'JBSS': 13.0, 'MGPI': 105.0, 'PLCE': 27.0, 'PRMW': 419.0, 'SSRM': 65.0, 'STNG': 824.0, 'TWOU': 20.0, 'WIFI': 15.0};-2598.560860156997
0;14;markowitz_portfolio_without_forecast_without_preselection;0.3558745197931399;0.08350701109375169;4.022111621454875;{'ICUI': 1.0, 'CLX': 13.0, 'MGPI': 45.0, 'CSFL': 63.0, 'CME': 13.0, 'MIXT': 37.0, 'PGR': 86.0, 'RTN': 6.0, 'EGRX': 8.0, 'ROST': 14.0, 'SA': 2.0, 'OFLX': 17.0, 'ALGN': 3.0, 'VCEL': 63.0, 'NURO': 125.0, 'CNC': 4.0, 'LMAT': 84.0, 'TVIX': 44.0, 'CUTR': 23.0, 'NTWK': 27.0, 'GOLD': 11.0, 'LOGI': 71.0, 'TTWO': 22.0, 'MZOR': 20.0, 'SPHS': 185.0, 'CENTA': 24.0, 'TPL': 5.0, 'HSKA': 34.0, 'PETS': 27.0, 'FOXF': 55.0, 'ZGNX': 2.0, 'ITI': 187.0, 'AMZN': 4.0, 'INFO': 7.0, 'BWXT': 119.0, 'EXEL': 86.0, 'CLUB': 89.0, 'COR': 35.0, 'WB': 1.0, 'WD': 60.0, 'COT': 12.0, 'INGN': 7.0, 'PMD': 23.0, 'WATT': 5.0, 'AVY': 6.0, 'CASI': 381.0, 'MASI': 6.0, 'CASH': 21.0, 'CNBKA': 10.0, 'WTW': 6.0, 'AXGN': 181.0, 'SYNC': 204.0, 'DLTR': 2.0, 'SKYW': 31.0, 'TSE': 32.0, 'MTL': 9.0, 'MTN': 7.0, 'STZ': 23.0, 'MBOT': 83.0, 'NERV': 22.0, 'TSN': 30.0, 'HTHT': 97.0, 'PLUS': 3.0, 'RENN': 53.0, 'NETE': 27.0};2235.8380758166686
1;14;markowitz_portfolio_without_forecast;0.45551726386435687;0.1399648671923643;3.111618455407045;{'ABMD': 32.0, 'ADXS': 88.0, 'AERI': 10.0, 'AMZN': 6.0, 'AQXP': 55.0, 'ARRY': 69.0, 'ASMB': 70.0, 'BWXT': 214.0, 'CBOE': 134.0, 'CEA': 12.0, 'CENTA': 61.0, 'CUI': 10.0, 'ESLT': 30.0, 'FIZZ': 70.0, 'FOXF': 62.0, 'GOLD': 12.0, 'HOFT': 39.0, 'HTHT': 195.0, 'MGPI': 92.0, 'PAAS': 32.0, 'PLCE': 34.0, 'PRMW': 238.0, 'SKYW': 34.0, 'SSRM': 128.0, 'TWOU': 19.0, 'WIFI': 78.0};2013.852478027349
2;14;markowitz_portfolio_with_forecast;0.49384837620246236;0.14239783518053398;3.3276374995568627;{'ABMD': 34.0, 'ADXS': 9.0, 'AERI': 2.0, 'AKAO': 8.0, 'AMZN': 6.0, 'AQXP': 50.0, 'ARRY': 56.0, 'ASMB': 74.0, 'BWXT': 252.0, 'CBOE': 122.0, 'CEA': 10.0, 'CENTA': 41.0, 'CHDN': 2.0, 'CUI': 7.0, 'ESLT': 36.0, 'FIZZ': 63.0, 'FOXF': 61.0, 'FRO': 33.0, 'GOLD': 16.0, 'HOFT': 25.0, 'HTHT': 181.0, 'JBSS': 8.0, 'JOUT': 1.0, 'MGPI': 93.0, 'MNST': 32.0, 'PAAS': 13.0, 'PLCE': 33.0, 'PRMW': 223.0, 'SKYW': 36.0, 'SSRM': 133.0, 'TWOU': 22.0, 'WIFI': 78.0};1961.687459945681
3;14;markowitz_portfolio_with_forecast_and adjusted covariance_matrix;0.6477393616115271;0.00010352437767134959;6063.6864063492385;{'AAOI': 1.0, 'ACET': 1.0, 'ACHN': 6.0, 'AERI': 704.0, 'AGEN': 1.0, 'AGRX': 8.0, 'AKS': 1.0, 'ALNY': 352.0, 'AMOT': 1.0, 'AMPH': 1.0, 'AMSC': 1.0, 'AMSWA': 1.0, 'AOBC': 1.0, 'AOSL': 1.0, 'AQXP': 6.0, 'AREX': 1.0, 'ARNA': 1.0, 'ARRY': 3.0, 'ARWR': 6.0, 'ASCMA': 3.0, 'ASNA': 3.0, 'ATRC': 1.0, 'ATRO': 1.0, 'ATTU': 1.0, 'AVID': 3.0, 'BBSI': 243.0, 'BCOR': 1.0, 'BELFB': 1.0, 'BLMN': 1.0, 'BTE': 3.0, 'CCLP': 1.0, 'CEA': 1.0, 'CECE': 6.0, 'CENX': 1.0, 'CMRE': 2.0, 'CNTY': 1.0, 'COHU': 1.0, 'COMM': 1.0, 'CPE': 1.0, 'CRZO': 1.0, 'CSIQ': 1.0, 'CSWC': 1.0, 'CTRE': 1.0, 'CUI': 59.0, 'DAKT': 3.0, 'DEST': 17.0, 'DFRG': 1.0, 'DSX': 2.0, 'DWSN': 1.0, 'EFOI': 2.0, 'ERA': 1.0, 'ESND': 1.0, 'EZPW': 1.0, 'FLDM': 1.0, 'FOLD': 16.0, 'FRO': 1.0, 'GEOS': 1.0, 'GNMX': 879.0, 'GSM': 1.0, 'HNRG': 1.0, 'HYGS': 1.0, 'JVA': 2.0, 'LGCYO': 8.0, 'LPG': 1.0, 'LWAY': 1.0, 'MCEP': 1.0, 'MERC': 1.0, 'MMLP': 1.0, 'PETX': 1.0, 'PHIIK': 1.0, 'RAIL': 1.0, 'SBLK': 3.0, 'SQBG': 9.0, 'SSRM': 1.0, 'USAK': 1.0, 'VNET': 1.0, 'WPRT': 3.0};-465.7110922334474
4;14;markowitz_portfolio_with_forecast_and_latent_features;0.5501842073717852;0.10825075627072736;4.897741370469806;{'ABMD': 24.0, 'ACHN': 102.0, 'ADXS': 15.0, 'AERI': 29.0, 'AKAO': 55.0, 'AMZN': 4.0, 'ANGI': 28.0, 'AQXP': 101.0, 'ARRY': 14.0, 'ASMB': 89.0, 'BWXT': 260.0, 'CBOE': 80.0, 'CEA': 37.0, 'CHDN': 19.0, 'COKE': 4.0, 'CPRT': 3.0, 'CUI': 7.0, 'ESLT': 46.0, 'FIZZ': 8.0, 'FOXF': 67.0, 'FRO': 56.0, 'GOLD': 48.0, 'HOFT': 14.0, 'HTHT': 152.0, 'IRBT': 6.0, 'JBSS': 12.0, 'JOUT': 10.0, 'MGPI': 98.0, 'MNST': 94.0, 'PAAS': 23.0, 'PLCE': 30.0, 'PRMW': 274.0, 'SKYW': 19.0, 'TWOU': 7.0, 'WIFI': 49.0};1441.1698226928625
0;13;markowitz_portfolio_without_forecast_without_preselection;0.3568559330112719;0.08238365905862616;4.088868312726402;{'ICUI': 1.0, 'ARRY': 3.0, 'CLX': 14.0, 'MGPI': 42.0, 'CSFL': 35.0, 'CME': 13.0, 'MIXT': 32.0, 'PGR': 109.0, 'RTN': 13.0, 'EGRX': 9.0, 'ROST': 8.0, 'SA': 12.0, 'OFLX': 17.0, 'ALGN': 4.0, 'VCEL': 43.0, 'NURO': 134.0, 'CNC': 3.0, 'LMAT': 80.0, 'TVIX': 65.0, 'CUTR': 15.0, 'NTWK': 11.0, 'GOLD': 7.0, 'LOGI': 60.0, 'TTWO': 14.0, 'MZOR': 19.0, 'SPHS': 175.0, 'HIIQ': 9.0, 'CENTA': 25.0, 'TPL': 5.0, 'HSKA': 29.0, 'PETS': 26.0, 'FOXF': 64.0, 'ZGNX': 3.0, 'AMN': 4.0, 'ITI': 119.0, 'AMZN': 4.0, 'INFO': 7.0, 'PAYC': 3.0, 'BWXT': 112.0, 'EXEL': 78.0, 'CLUB': 92.0, 'COR': 19.0, 'WB': 2.0, 'WD': 59.0, 'INGN': 9.0, 'PMD': 28.0, 'WATT': 5.0, 'AVY': 7.0, 'CASI': 377.0, 'CASH': 21.0, 'CPRT': 29.0, 'WTW': 5.0, 'AXGN': 166.0, 'SYNC': 203.0, 'SKYW': 28.0, 'TSE': 26.0, 'MTN': 5.0, 'STZ': 24.0, 'MBOT': 85.0, 'NERV': 5.0, 'TSN': 31.0, 'ZN': 140.0, 'HTHT': 94.0, 'PLUS': 3.0, 'RENN': 51.0, 'NETE': 23.0};914.275615215339
1;13;markowitz_portfolio_without_forecast;0.45945167395099634;0.14880423945175175;2.9532201204084916;{'ABMD': 23.0, 'AERI': 18.0, 'AKAO': 3.0, 'ALGN': 6.0, 'AMZN': 5.0, 'ANGI': 16.0, 'AQXP': 56.0, 'ARRY': 84.0, 'ASMB': 48.0, 'BHGE': 9.0, 'BWXT': 201.0, 'CBOE': 132.0, 'CENTA': 87.0, 'ESLT': 32.0, 'FIZZ': 82.0, 'FOXF': 137.0, 'HOFT': 37.0, 'HTHT': 190.0, 'JBSS': 7.0, 'JOUT': 5.0, 'MGPI': 79.0, 'PLCE': 30.0, 'PRMW': 254.0, 'SKYW': 36.0, 'SSRM': 169.0, 'TWOU': 13.0, 'WIFI': 60.0};-623.5550994872519
2;13;markowitz_portfolio_with_forecast;0.47027115081595716;0.1496105505142745;3.009621642779774;{'ABMD': 24.0, 'AERI': 14.0, 'AKAO': 1.0, 'ALGN': 6.0, 'AMZN': 4.0, 'ANGI': 16.0, 'AQXP': 53.0, 'ARRY': 84.0, 'ASMB': 49.0, 'BHGE': 63.0, 'BWXT': 188.0, 'CBOE': 137.0, 'CENTA': 79.0, 'COKE': 4.0, 'ESLT': 32.0, 'FIZZ': 79.0, 'FOXF': 136.0, 'HOFT': 32.0, 'HTHT': 194.0, 'JBSS': 13.0, 'JOUT': 8.0, 'MGPI': 80.0, 'PLCE': 22.0, 'PRMW': 222.0, 'RRTS': 39.0, 'SKYW': 34.0, 'SSRM': 156.0, 'TWOU': 21.0, 'WIFI': 67.0};-695.4150619506364
3;13;markowitz_portfolio_with_forecast_and adjusted covariance_matrix;0.803571920898553;0.0002428251408259754;3226.8978336971813;{'ABMD': 340.0, 'ACHN': 8.0, 'AGEN': 3.0, 'AGRX': 314.0, 'AKAO': 7.0, 'ALDR': 1.0, 'ANGI': 1.0, 'AQXP': 3.0, 'ARRY': 1.0, 'ARWR': 402.0, 'ASMB': 6.0, 'AUTO': 1.0, 'CECE': 1.0, 'CECO': 1.0, 'CSWC': 2.0, 'DHT': 3.0, 'ESND': 5.0, 'FOLD': 17.0, 'MCEP': 1.0, 'PRMW': 1.0, 'RRTS': 41.0, 'SSRM': 1.0, 'STNG': 6.0, 'WPRT': 1.0};775.6400299072244
4;13;markowitz_portfolio_with_forecast_and_latent_features;0.4913950229450964;0.12873437500979729;3.66176495523609;{'ABMD': 18.0, 'ADMS': 15.0, 'AERI': 23.0, 'AKAO': 104.0, 'ALGN': 15.0, 'AMZN': 2.0, 'ANGI': 61.0, 'AQXP': 100.0, 'ARRY': 91.0, 'ASMB': 21.0, 'BAK': 25.0, 'BHGE': 113.0, 'BWXT': 157.0, 'CBOE': 102.0, 'CEA': 22.0, 'CENTA': 80.0, 'ESLT': 46.0, 'FIZZ': 74.0, 'FOXF': 159.0, 'HOFT': 43.0, 'HTHT': 97.0, 'JBSS': 67.0, 'JOUT': 19.0, 'MGPI': 50.0, 'PLCE': 16.0, 'PRMW': 146.0, 'RRTS': 162.0, 'SKYW': 74.0, 'SSRM': 120.0, 'WIFI': 216.0};-512.9074554442957
0;12;markowitz_portfolio_without_forecast_without_preselection;0.3576198723885041;0.08207356858117919;4.113624863948293;{'ICUI': 4.0, 'ARRY': 3.0, 'CLX': 19.0, 'MGPI': 41.0, 'CSFL': 34.0, 'CME': 16.0, 'MIXT': 21.0, 'PGR': 115.0, 'RTN': 10.0, 'EGRX': 6.0, 'ROST': 11.0, 'SA': 17.0, 'OFLX': 15.0, 'ALGN': 3.0, 'ANGI': 4.0, 'VCEL': 64.0, 'NURO': 122.0, 'CNC': 1.0, 'LMAT': 77.0, 'TVIX': 67.0, 'CUTR': 14.0, 'NTWK': 3.0, 'GOLD': 4.0, 'LOGI': 59.0, 'TTWO': 15.0, 'MZOR': 18.0, 'SPHS': 172.0, 'HIIQ': 8.0, 'CENTA': 26.0, 'TPL': 5.0, 'HSKA': 32.0, 'PETS': 23.0, 'FOXF': 56.0, 'ZGNX': 4.0, 'AMN': 2.0, 'ITI': 136.0, 'AMZN': 4.0, 'INFO': 12.0, 'NFLX': 1.0, 'PAYC': 5.0, 'BWXT': 105.0, 'EXEL': 77.0, 'CLUB': 88.0, 'COR': 19.0, 'WB': 2.0, 'WD': 56.0, 'INGN': 8.0, 'PMD': 28.0, 'WATT': 7.0, 'AVY': 2.0, 'CASI': 383.0, 'CASH': 20.0, 'CPRT': 41.0, 'WTW': 4.0, 'AXGN': 146.0, 'SYNC': 193.0, 'SKYW': 28.0, 'TSE': 27.0, 'MTN': 3.0, 'STZ': 23.0, 'MBOT': 82.0, 'NERV': 7.0, 'TSN': 23.0, 'ZN': 133.0, 'CDXS': 30.0, 'HTHT': 91.0, 'PLUS': 2.0, 'RENN': 50.0, 'NETE': 24.0};1521.899890661228
1;12;markowitz_portfolio_without_forecast;0.47346792120437;0.1462488078945347;3.100660632607563;{'ABMD': 28.0, 'ADXS': 40.0, 'AERI': 5.0, 'ALGN': 7.0, 'AMZN': 7.0, 'ANGI': 26.0, 'AQXP': 43.0, 'ARRY': 80.0, 'ASMB': 58.0, 'BWXT': 219.0, 'CBOE': 109.0, 'CENTA': 84.0, 'ESLT': 15.0, 'FIZZ': 59.0, 'FOXF': 60.0, 'HOFT': 45.0, 'HTHT': 203.0, 'JBSS': 2.0, 'MGPI': 85.0, 'PLCE': 33.0, 'PRMW': 264.0, 'SKYW': 27.0, 'SSRM': 208.0, 'TWOU': 39.0, 'WIFI': 94.0};-251.02988815310232
2;12;markowitz_portfolio_with_forecast;0.5199654071716546;0.15344422375827235;3.258287571380157;{'ABMD': 28.0, 'ADXS': 223.0, 'AERI': 3.0, 'ALGN': 12.0, 'AMZN': 6.0, 'ANGI': 21.0, 'AQXP': 42.0, 'ARRY': 91.0, 'ASMB': 63.0, 'BWXT': 220.0, 'CBOE': 106.0, 'CENTA': 75.0, 'ESLT': 15.0, 'ESND': 43.0, 'FIZZ': 62.0, 'FOXF': 56.0, 'HOFT': 42.0, 'HTHT': 201.0, 'LWAY': 50.0, 'MGPI': 86.0, 'PLCE': 32.0, 'PRMW': 235.0, 'SKYW': 22.0, 'SSRM': 202.0, 'STNG': 94.0, 'TWOU': 47.0, 'WIFI': 96.0};-281.3099021911839
3;12;markowitz_portfolio_with_forecast_and adjusted covariance_matrix;1.1010994108172398;0.0004513176336872347;2395.4291393064577;{'ACET': 2.0, 'ADXS': 3577.0, 'AQXP': 1.0, 'EGLE': 30.0, 'ESND': 5.0, 'FOLD': 6439.0, 'LWAY': 1.0, 'STNG': 13.0};15.0
4;12;markowitz_portfolio_with_forecast_and_latent_features;0.5199654071716546;0.15344422375827235;3.258287571380157;{'ABMD': 28.0, 'ADXS': 223.0, 'AERI': 3.0, 'ALGN': 12.0, 'AMZN': 6.0, 'ANGI': 21.0, 'AQXP': 42.0, 'ARRY': 91.0, 'ASMB': 63.0, 'BWXT': 220.0, 'CBOE': 106.0, 'CENTA': 75.0, 'ESLT': 15.0, 'ESND': 43.0, 'FIZZ': 62.0, 'FOXF': 56.0, 'HOFT': 42.0, 'HTHT': 201.0, 'LWAY': 50.0, 'MGPI': 86.0, 'PLCE': 32.0, 'PRMW': 235.0, 'SKYW': 22.0, 'SSRM': 202.0, 'STNG': 94.0, 'TWOU': 47.0, 'WIFI': 96.0};-281.3099021911839
0;11;markowitz_portfolio_without_forecast_without_preselection;0.36512690218033944;0.08283633831722226;4.166370812513149;{'ICUI': 3.0, 'CACC': 1.0, 'CLX': 7.0, 'MGPI': 41.0, 'CSFL': 5.0, 'CME': 10.0, 'MIXT': 43.0, 'PGR': 139.0, 'RTN': 11.0, 'EGRX': 3.0, 'ROST': 4.0, 'SA': 2.0, 'OFLX': 18.0, 'ALGN': 4.0, 'VCEL': 60.0, 'NURO': 120.0, 'CNC': 1.0, 'LMAT': 69.0, 'TVIX': 72.0, 'CUTR': 17.0, 'GOLD': 4.0, 'LOGI': 51.0, 'CCXI': 14.0, 'TTWO': 10.0, 'MZOR': 17.0, 'SPHS': 168.0, 'HIIQ': 7.0, 'CENTA': 26.0, 'TPL': 4.0, 'HSKA': 33.0, 'PETS': 21.0, 'FOXF': 55.0, 'ZGNX': 2.0, 'ITI': 125.0, 'AMZN': 4.0, 'INFO': 15.0, 'SRPT': 1.0, 'PAYC': 4.0, 'BWXT': 101.0, 'EXEL': 75.0, 'CLUB': 89.0, 'COR': 28.0, 'WB': 1.0, 'WD': 60.0, 'INGN': 7.0, 'PMD': 22.0, 'WATT': 3.0, 'CASI': 360.0, 'CASH': 20.0, 'CPRT': 52.0, 'WTW': 5.0, 'AXGN': 131.0, 'SYNC': 147.0, 'SKYW': 27.0, 'TSE': 27.0, 'MTN': 7.0, 'STZ': 23.0, 'MBOT': 78.0, 'NERV': 10.0, 'TSN': 23.0, 'ZN': 138.0, 'CDXS': 39.0, 'RYAAY': 2.0, 'HTHT': 87.0, 'RENN': 49.0, 'NETE': 26.0};207.14443945885705
1;11;markowitz_portfolio_without_forecast;0.46860051478014975;0.14448712783768952;3.1047784082474656;{'ABMD': 27.0, 'ADXS': 16.0, 'AERI': 4.0, 'ALGN': 8.0, 'AMZN': 6.0, 'ANGI': 12.0, 'AQXP': 46.0, 'ARRY': 63.0, 'ASMB': 59.0, 'BWXT': 230.0, 'CBOE': 104.0, 'CENTA': 95.0, 'CPRT': 26.0, 'CVGW': 1.0, 'ESLT': 24.0, 'FIZZ': 60.0, 'FOXF': 71.0, 'HOFT': 46.0, 'HTHT': 189.0, 'MGPI': 95.0, 'PLCE': 23.0, 'PRMW': 187.0, 'SKYW': 42.0, 'SSRM': 225.0, 'TWOU': 34.0, 'WIFI': 99.0};-1393.8557958602887
2;11;markowitz_portfolio_with_forecast;0.5277459328039098;0.15096171944243417;3.3634085162730756;{'ABMD': 27.0, 'ADXS': 7.0, 'AERI': 3.0, 'ALGN': 5.0, 'AMZN': 6.0, 'ANGI': 10.0, 'AQXP': 44.0, 'ARRY': 65.0, 'ASCMA': 8.0, 'ASMB': 55.0, 'BWXT': 230.0, 'CBOE': 108.0, 'CECE': 74.0, 'CENTA': 80.0, 'CPRT': 31.0, 'ESLT': 25.0, 'FIZZ': 56.0, 'FOXF': 89.0, 'HOFT': 40.0, 'HTHT': 189.0, 'MGPI': 86.0, 'PLCE': 24.0, 'PRMW': 223.0, 'SKYW': 24.0, 'SSRM': 218.0, 'TWOU': 37.0, 'WIFI': 75.0};-1386.3557004928566
3;11;markowitz_portfolio_with_forecast_and adjusted covariance_matrix;0.8147890797183162;1.4918244923637115e-05;53276.312581449696;{'ABMD': 330.0};0.0
4;11;markowitz_portfolio_with_forecast_and_latent_features;0.546812531181403;0.12937406929605863;4.072010210762168;{'ABMD': 18.0, 'ADXS': 7.0, 'AERI': 11.0, 'AKAO': 11.0, 'ALGN': 10.0, 'AMZN': 5.0, 'ANGI': 47.0, 'AQXP': 59.0, 'ARRY': 80.0, 'ASCMA': 21.0, 'ASMB': 45.0, 'BWXT': 216.0, 'CBOE': 96.0, 'CEA': 16.0, 'CECE': 92.0, 'CENTA': 86.0, 'CPRT': 116.0, 'ESLT': 21.0, 'FIZZ': 34.0, 'FOXF': 162.0, 'GPOR': 22.0, 'HOFT': 101.0, 'HTHT': 175.0, 'MGPI': 69.0, 'PAAS': 1.0, 'PLCE': 40.0, 'PRMW': 146.0, 'SSRM': 171.0, 'TWOU': 14.0, 'WIFI': 81.0};-1645.3656425476106
0;10;markowitz_portfolio_without_forecast_without_preselection;0.36044344397086847;0.08207720103460506;4.147844220800513;{'ICUI': 3.0, 'ARQL': 26.0, 'CACC': 1.0, 'CLX': 11.0, 'MGPI': 41.0, 'CME': 8.0, 'MIXT': 52.0, 'PGR': 135.0, 'RTN': 16.0, 'EGRX': 4.0, 'ROST': 7.0, 'SA': 3.0, 'OFLX': 20.0, 'ALGN': 3.0, 'VCEL': 62.0, 'NURO': 134.0, 'CNC': 6.0, 'LMAT': 70.0, 'TVIX': 56.0, 'CUTR': 16.0, 'GOLD': 2.0, 'LOGI': 44.0, 'CCXI': 15.0, 'TTWO': 8.0, 'MZOR': 16.0, 'SPHS': 165.0, 'HIIQ': 8.0, 'CENTA': 22.0, 'TPL': 4.0, 'HSKA': 34.0, 'PETS': 17.0, 'FOXF': 51.0, 'ZGNX': 2.0, 'ITI': 26.0, 'AMZN': 4.0, 'INFO': 16.0, 'SRPT': 1.0, 'TRCH': 21.0, 'PAYC': 5.0, 'BWXT': 102.0, 'EXEL': 77.0, 'CLUB': 96.0, 'COR': 27.0, 'WD': 66.0, 'INGN': 8.0, 'PMD': 24.0, 'WATT': 1.0, 'CASI': 281.0, 'CASH': 21.0, 'CPRT': 53.0, 'WTW': 5.0, 'AXGN': 134.0, 'FSM': 24.0, 'SYNC': 133.0, 'SKYW': 27.0, 'TSE': 26.0, 'MTN': 6.0, 'STZ': 24.0, 'MBOT': 73.0, 'NERV': 13.0, 'TSN': 19.0, 'ZN': 146.0, 'CDXS': 31.0, 'RYAAY': 1.0, 'LUNA': 142.0, 'LULU': 1.0, 'HTHT': 93.0, 'PLUS': 2.0, 'RENN': 49.0, 'NETE': 30.0};1749.1053739786028
1;10;markowitz_portfolio_without_forecast;0.46780137325536403;0.155960870186335;2.87124182315956;{'ABMD': 30.0, 'ADUS': 1.0, 'AERI': 4.0, 'AKAO': 29.0, 'ALGN': 10.0, 'AMZN': 3.0, 'AQXP': 56.0, 'ARRY': 83.0, 'ASMB': 70.0, 'BWXT': 231.0, 'CBOE': 91.0, 'CENTA': 114.0, 'CVGW': 10.0, 'EGLE': 9.0, 'FIZZ': 72.0, 'FOXF': 87.0, 'HOFT': 64.0, 'HTHT': 217.0, 'JBSS': 10.0, 'MGPI': 106.0, 'PLCE': 31.0, 'PRMW': 352.0, 'SKYW': 58.0, 'SSRM': 304.0, 'TWOU': 31.0, 'WIFI': 98.0};2255.1643891334334
2;10;markowitz_portfolio_with_forecast;0.5077298425361351;0.15816520389144917;3.0836734663261987;{'BWXT': 238, 'CBOE': 100, 'MGPI': 101, 'ABMD': 29, 'AMZN': 5, 'HTHT': 207, 'FIZZ': 69, 'CENTA': 99, 'ASMB': 74, 'PRMW': 276, 'PLCE': 23, 'SSRM': 272, 'SKYW': 46, 'TWOU': 32, 'WIFI': 97, 'FOXF': 66, 'ESLT': 16, 'HOFT': 48, 'ALGN': 7, 'SPTN': 47, 'ARRY': 61, 'AQXP': 55, 'LWAY': 88, 'AKAO': 30, 'STNG': 121, 'AERI': 6, 'JBSS': 5, 'CVGW': 3, 'ACET': 22, 'EGLE': 1};2335.2943806648045
3;10;markowitz_portfolio_with_forecast_and adjusted covariance_matrix;0.7603710819898781;0.0006683562594685414;1107.74915548573;{'AABA': 1.0, 'AAL': 1.0, 'AAOI': 3.0, 'AAON': 1.0, 'AAWW': 1.0, 'AAXN': 1.0, 'ABCB': 1.0, 'ABG': 1.0, 'ABX': 4.0, 'ACET': 5.0, 'ACGL': 2.0, 'ACHC': 2.0, 'ACHN': 17.0, 'ACIW': 2.0, 'ACOR': 5.0, 'ACXM': 3.0, 'ADMS': 2.0, 'ADUS': 1.0, 'AEGN': 3.0, 'AEIS': 1.0, 'AERI': 2.0, 'AFSI': 4.0, 'AGEN': 8.0, 'AGRX': 32.0, 'AGX': 2.0, 'AGYS': 3.0, 'AIMC': 1.0, 'AIN': 1.0, 'AIT': 1.0, 'AKAO': 3.0, 'AKBA': 4.0, 'AKRX': 2.0, 'AKS': 15.0, 'ALCO': 1.0, 'ALDR': 3.0, 'ALKS': 2.0, 'AMAG': 3.0, 'AMAT': 1.0, 'AMBA': 2.0, 'AMBC': 3.0, 'AMCX': 1.0, 'AMED': 1.0, 'AMKR': 4.0, 'AMNB': 1.0, 'AMOT': 1.0, 'AMPH': 4.0, 'AMSC': 8.0, 'AMSF': 1.0, 'AMSWA': 4.0, 'ANCX': 2.0, 'ANDV': 1.0, 'ANDX': 1.0, 'ANGI': 3.0, 'ANGO': 4.0, 'ANIK': 1.0, 'ANIP': 1.0, 'AOBC': 5.0, 'AOSL': 3.0, 'APC': 1.0, 'APEI': 1.0, 'APOG': 2.0, 'AQXP': 3.0, 'ARCB': 2.0, 'AREX': 21.0, 'ARII': 1.0, 'ARLP': 2.0, 'ARNA': 1.0, 'AROW': 1.0, 'ARRS': 1.0, 'ARRY': 3.0, 'ARWR': 8723.0, 'ASH': 1.0, 'ASMB': 1.0, 'ASNA': 113.0, 'ASPS': 2.0, 'ASTE': 1.0, 'ASYS': 5.0, 'ATI': 2.0, 'ATRC': 2.0, 'ATRO': 1.0, 'ATSG': 2.0, 'ATTU': 9.0, 'ATVI': 1.0, 'AVAV': 1.0, 'AVDL': 31.0, 'AVID': 13.0, 'AXDX': 2.0, 'AZPN': 1.0, 'AZZ': 1.0, 'BAK': 3.0, 'BANF': 1.0, 'BANR': 1.0, 'BBBY': 2.0, 'BBL': 2.0, 'BBSI': 492.0, 'BCOR': 2.0, 'BCPC': 1.0, 'BDC': 1.0, 'BDGE': 1.0, 'BECN': 1.0, 'BELFB': 5.0, 'BGCP': 3.0, 'BGG': 3.0, 'BHGE': 3.0, 'BHP': 1.0, 'BJRI': 1.0, 'BLDR': 2.0, 'BLL': 1.0, 'BLMN': 2.0, 'BMRC': 1.0, 'BMS': 1.0, 'BMTC': 1.0, 'BNFT': 2.0, 'BOFI': 2.0, 'BOKF': 1.0, 'BOOM': 2.0, 'BPL': 1.0, 'BRC': 1.0, 'BREW': 3.0, 'BRKR': 2.0, 'BRKS': 3.0, 'BSET': 1.0, 'BTE': 2006.0, 'BVN': 4.0, 'BWXT': 1.0, 'CALM': 1.0, 'CAMP': 2.0, 'CARB': 1.0, 'CASY': 1.0, 'CATY': 1.0, 'CBOE': 1.0, 'CBT': 1.0, 'CCBG': 2.0, 'CCJ': 6.0, 'CCLP': 7.0, 'CCMP': 1.0, 'CCOI': 1.0, 'CDNS': 1.0, 'CDW': 1.0, 'CEA': 1.0, 'CECO': 3.0, 'CENTA': 1.0, 'CENX': 6.0, 'CERN': 1.0, 'CEVA': 1.0, 'CFFN': 4.0, 'CGNX': 1.0, 'CHEF': 4.0, 'CHKP': 1.0, 'CHRW': 1.0, 'CHSCN': 2.0, 'CHSCO': 2.0, 'CHUY': 3.0, 'CKH': 10.0, 'CMCO': 1.0, 'CMCSA': 2.0, 'CMRE': 8.0, 'CMTL': 2.0, 'CNI': 1.0, 'CNQ': 2.0, 'CNTY': 8.0, 'COG': 2.0, 'COHU': 2.0, 'COMM': 1.0, 'CONE': 1.0, 'CONN': 3.0, 'CPE': 4.0, 'CPRT': 1.0, 'CPSI': 2.0, 'CRMT': 1.0, 'CROX': 2.0, 'CRUS': 1.0, 'CRZO': 3.0, 'CSCO': 1.0, 'CSFL': 2.0, 'CSIQ': 3.0, 'CSOD': 2.0, 'CSWC': 186.0, 'CSX': 1.0, 'CTRE': 8.0, 'CTRL': 3.0, 'CTRN': 1.0, 'CTSH': 1.0, 'CVGI': 7.0, 'CVGW': 1.0, 'CVLT': 1.0, 'CVTI': 1.0, 'CYD': 4.0, 'CYOU': 2.0, 'DAKT': 6.0, 'DAL': 1.0, 'DENN': 3.0, 'DEST': 16.0, 'DFRG': 5.0, 'DISCA': 3.0, 'DISCK': 3.0, 'DISH': 1.0, 'DLTR': 1.0, 'DNKN': 1.0, 'DORM': 1.0, 'DOX': 1.0, 'DSX': 19.0, 'DWSN': 8.0, 'DXPE': 1.0, 'ECHO': 2.0, 'EFOI': 19.0, 'EGLE': 29.0, 'ENTG': 2.0, 'EPAY': 2.0, 'ERA': 4.0, 'EXPD': 1.0, 'EXPO': 1.0, 'EZPW': 3.0, 'FARM': 1.0, 'FARO': 1.0, 'FELE': 1.0, 'FIZZ': 1.0, 'FLDM': 6.0, 'FLIR': 1.0, 'FLXS': 1.0, 'FOLD': 9.0, 'FOSL': 3.0, 'FOXF': 1.0, 'FSTR': 3.0, 'FWRD': 1.0, 'GEOS': 6.0, 'GIII': 2.0, 'GNMX': 123.0, 'GNTX': 2.0, 'GOLD': 1.0, 'GPOR': 29.0, 'GPRE': 3.0, 'GRMN': 1.0, 'GSM': 6.0, 'GTLS': 2.0, 'HAYN': 1.0, 'HCCI': 2.0, 'HELE': 1.0, 'HNRG': 6.0, 'HOFT': 1.0, 'HOLI': 3.0, 'HTHT': 1.0, 'HTLD': 3.0, 'HUBG': 2.0, 'HURC': 1.0, 'HWKN': 2.0, 'HYGS': 6.0, 'IART': 1.0, 'IEP': 1.0, 'IIIN': 1.0, 'IIVI': 1.0, 'IOSP': 1.0, 'IPAR': 1.0, 'IPHS': 2.0, 'IRBT': 1.0, 'ITRI': 1.0, 'JBLU': 2.0, 'JBSS': 1.0, 'JOUT': 1.0, 'JVA': 13.0, 'KALU': 1.0, 'KBAL': 3.0, 'KMX': 1.0, 'KNX': 1.0, 'KSU': 1.0, 'LGCYO': 7.0, 'LMNR': 2.0, 'LPG': 7.0, 'LSTR': 1.0, 'LTM': 4.0, 'LULU': 1.0, 'LWAY': 6.0, 'LYTS': 5.0, 'MCEP': 34.0, 'MDLZ': 1.0, 'MDRX': 5.0, 'MEOH': 1.0, 'MERC': 3.0, 'MGEE': 1.0, 'MGPI': 1.0, 'MLHR': 2.0, 'MMLP': 2.0, 'MNST': 1.0, 'MRTN': 3.0, 'MTRX': 7.0, 'MYRG': 2.0, 'NHTC': 2.0, 'NWPX': 4.0, 'NYNY': 2.0, 'OMAB': 2.0, 'PAAS': 3.0, 'PATK': 1.0, 'PDCE': 1.0, 'PERY': 1.0, 'PETX': 16.0, 'PHIIK': 4.0, 'PLPC': 1.0, 'POWL': 3.0, 'PPC': 4.0, 'PRIM': 3.0, 'PRMW': 4.0, 'PTEN': 4.0, 'RAIL': 3.0, 'RCKY': 2.0, 'RGLD': 1.0, 'ROCK': 1.0, 'RUSHA': 1.0, 'RYAAY': 1.0, 'SAFM': 1.0, 'SAIA': 1.0, 'SBLK': 13.0, 'SCHN': 1.0, 'SENEA': 2.0, 'SGC': 2.0, 'SHOO': 1.0, 'SKYW': 1.0, 'SLGN': 2.0, 'SNBR': 1.0, 'SODA': 1.0, 'SPTN': 1.0, 'SQBG': 27.0, 'SRCE': 1.0, 'SRCL': 1.0, 'SSRM': 5.0, 'STLD': 1.0, 'STNG': 16.0, 'TESS': 2.0, 'THRM': 1.0, 'TILE': 2.0, 'TWOU': 1.0, 'UFPI': 1.0, 'USAK': 2.0, 'USAP': 2.0, 'USLM': 1.0, 'VLRS': 6.0, 'VNET': 8.0, 'VNOM': 3.0, 'WERN': 1.0, 'WIFI': 2.0, 'WIRE': 1.0, 'WLFC': 2.0, 'WPRT': 39.0, 'WWD': 1.0, 'XEC': 1.0, 'XLRN': 1.0, 'YRCW': 8.0, 'ZEUS': 2.0};3294.807913422594
4;10;markowitz_portfolio_with_forecast_and_latent_features;0.5077298425361351;0.15816520389144917;3.0836734663261987;{'BWXT': 238, 'CBOE': 100, 'MGPI': 101, 'ABMD': 29, 'AMZN': 5, 'HTHT': 207, 'FIZZ': 69, 'CENTA': 99, 'ASMB': 74, 'PRMW': 276, 'PLCE': 23, 'SSRM': 272, 'SKYW': 46, 'TWOU': 32, 'WIFI': 97, 'FOXF': 66, 'ESLT': 16, 'HOFT': 48, 'ALGN': 7, 'SPTN': 47, 'ARRY': 61, 'AQXP': 55, 'LWAY': 88, 'AKAO': 30, 'STNG': 121, 'AERI': 6, 'JBSS': 5, 'CVGW': 3, 'ACET': 22, 'EGLE': 1};2335.2943806648045
0;9;markowitz_portfolio_without_forecast_without_preselection;0.3659186075303248;0.0827163341197906;4.181986680277224;{'BWXT': 107, 'PGR': 119, 'AMZN': 4, 'TVIX': 79, 'STZ': 23, 'AXGN': 122, 'RTN': 17, 'WD': 64, 'MGPI': 39, 'HTHT': 87, 'COR': 26, 'LMAT': 69, 'HSKA': 32, 'TPL': 5, 'CPRT': 42, 'CASH': 19, 'TSE': 24, 'FOXF': 54, 'CASI': 263, 'CME': 10, 'LOGI': 44, 'EXEL': 71, 'SKYW': 25, 'OFLX': 20, 'INGN': 9, 'MTN': 5, 'TSN': 15, 'CLX': 8, 'ALGN': 4, 'MIXT': 51, 'MZOR': 13, 'CLUB': 97, 'VCEL': 59, 'CENTA': 18, 'CNC': 6, 'INFO': 14, 'TTWO': 6, 'PAYC': 5, 'PMD': 28, 'CUTR': 11, 'ZN': 130, 'ITI': 90, 'LULU': 5, 'ISRG': 1, 'ICUI': 2, 'RENN': 42, 'LUNA': 123, 'CDXS': 34, 'FSM': 59, 'ULTA': 2, 'SPHS': 158, 'WTW': 4, 'NFLX': 1, 'NETE': 24, 'SYNC': 133, 'AMN': 3, 'EGRX': 3, 'NURO': 118, 'ROST': 2, 'ARQL': 41, 'HIIQ': 4, 'PLUS': 1, 'WATT': 5, 'LOPE': 1, 'NERV': 11, 'SRPT': 1, 'ZGNX': 1, 'PETS': 1, 'MBOT': 70, 'TRCH': 8};-1907.9845445156097
1;9;markowitz_portfolio_without_forecast;0.47366564202491634;0.1511350887375904;3.001722801861037;{'BWXT': 252, 'MGPI': 100, 'ABMD': 29, 'CBOE': 76, 'AMZN': 5, 'HTHT': 201, 'FIZZ': 69, 'CENTA': 100, 'PRMW': 292, 'ASMB': 70, 'TWOU': 34, 'SSRM': 272, 'CPRT': 50, 'PLCE': 19, 'WIFI': 96, 'SKYW': 40, 'HOFT': 52, 'FOXF': 50, 'ALGN': 6, 'CVGW': 11, 'ARRY': 54, 'AQXP': 55, 'ESLT': 4, 'LULU': 3, 'AKAO': 18, 'AERI': 2, 'JBSS': 1};-1407.1554317474586
2;9;markowitz_portfolio_with_forecast;0.5056897917272068;0.15483006448639422;3.1369217169698143;{'ABMD': 28.0, 'AKAO': 11.0, 'ALGN': 2.0, 'AMZN': 6.0, 'AQXP': 56.0, 'ARRY': 19.0, 'ASMB': 54.0, 'AVDL': 215.0, 'BBBY': 20.0, 'BWXT': 213.0, 'CBOE': 70.0, 'CENTA': 92.0, 'CPRT': 167.0, 'CVGW': 8.0, 'EGLE': 2.0, 'FIZZ': 66.0, 'FOXF': 46.0, 'HOFT': 57.0, 'HTHT': 185.0, 'JBSS': 3.0, 'LULU': 1.0, 'MGPI': 94.0, 'PLCE': 15.0, 'PRMW': 303.0, 'SKYW': 33.0, 'SSRM': 257.0, 'TWOU': 22.0, 'WIFI': 66.0};-1200.5854597091957
3;9;markowitz_portfolio_with_forecast_and adjusted covariance_matrix;1.0323678448600064;0.0010413205881991607;972.1961289661768;{'BBSI': 1094.0, 'EGLE': 30.0};-4.4999885559080965
4;9;markowitz_portfolio_with_forecast_and_latent_features;0.5056897917272068;0.15483006448639422;3.1369217169698143;{'ABMD': 28.0, 'AKAO': 11.0, 'ALGN': 2.0, 'AMZN': 6.0, 'AQXP': 56.0, 'ARRY': 19.0, 'ASMB': 54.0, 'AVDL': 215.0, 'BBBY': 20.0, 'BWXT': 213.0, 'CBOE': 70.0, 'CENTA': 92.0, 'CPRT': 167.0, 'CVGW': 8.0, 'EGLE': 2.0, 'FIZZ': 66.0, 'FOXF': 46.0, 'HOFT': 57.0, 'HTHT': 185.0, 'JBSS': 3.0, 'LULU': 1.0, 'MGPI': 94.0, 'PLCE': 15.0, 'PRMW': 303.0, 'SKYW': 33.0, 'SSRM': 257.0, 'TWOU': 22.0, 'WIFI': 66.0};-1200.5854597091957
0;8;markowitz_portfolio_without_forecast_without_preselection;0.36527892766350206;0.08442702192808811;4.089673184938326;{'ICUI': 4.0, 'MGPI': 44.0, 'CSFL': 74.0, 'CME': 4.0, 'MIXT': 56.0, 'PGR': 114.0, 'RTN': 10.0, 'EGRX': 3.0, 'ROST': 8.0, 'OFLX': 21.0, 'ALGN': 1.0, 'VCEL': 60.0, 'NURO': 133.0, 'CNC': 7.0, 'LMAT': 65.0, 'TVIX': 81.0, 'CUTR': 15.0, 'LOGI': 52.0, 'TTWO': 11.0, 'MZOR': 10.0, 'SPHS': 150.0, 'HIIQ': 3.0, 'CENTA': 5.0, 'TPL': 5.0, 'HSKA': 35.0, 'FOXF': 48.0, 'ZGNX': 2.0, 'AMN': 3.0, 'ITI': 61.0, 'AMZN': 4.0, 'INFO': 16.0, 'PAYC': 1.0, 'BWXT': 112.0, 'EXEL': 75.0, 'CLUB': 108.0, 'COR': 31.0, 'WD': 64.0, 'INGN': 13.0, 'PMD': 28.0, 'WATT': 5.0, 'CASI': 250.0, 'CASH': 13.0, 'CPRT': 54.0, 'WTW': 6.0, 'AXGN': 131.0, 'FSM': 42.0, 'SYNC': 196.0, 'SKYW': 29.0, 'TSE': 24.0, 'MTN': 5.0, 'STZ': 23.0, 'MBOT': 72.0, 'NERV': 1.0, 'TSN': 17.0, 'ZN': 146.0, 'CDXS': 36.0, 'LUNA': 111.0, 'LULU': 8.0, 'HTHT': 92.0, 'PLUS': 1.0, 'ULTA': 4.0, 'RENN': 48.0, 'NETE': 24.0};2865.999898672104
1;8;markowitz_portfolio_without_forecast;0.46498146336850715;0.15059808765042149;2.954761712522063;{'ABMD': 32.0, 'AERI': 2.0, 'AKAO': 30.0, 'AMZN': 6.0, 'AQXP': 59.0, 'ARRY': 37.0, 'ASMB': 63.0, 'BWXT': 250.0, 'CBOE': 57.0, 'CENTA': 78.0, 'CPRT': 71.0, 'CSFL': 118.0, 'CVGW': 13.0, 'FIZZ': 65.0, 'FOXF': 39.0, 'HOFT': 46.0, 'HTHT': 202.0, 'LULU': 13.0, 'MGPI': 104.0, 'PLCE': 9.0, 'PRMW': 341.0, 'RCKY': 22.0, 'SKYW': 47.0, 'SSRM': 297.0, 'TWOU': 38.0, 'WIFI': 66.0};3694.3049077987926
2;8;markowitz_portfolio_with_forecast;0.5088457872535411;0.15868469531391896;3.08061080677301;{'ABMD': 33.0, 'ADUS': 5.0, 'ADXS': 32.0, 'AKAO': 25.0, 'AMZN': 6.0, 'AQXP': 61.0, 'ARRY': 31.0, 'ASMB': 55.0, 'AYI': 10.0, 'BOOM': 3.0, 'BPL': 5.0, 'BWXT': 245.0, 'CBOE': 58.0, 'CENTA': 70.0, 'CPRT': 36.0, 'CSFL': 114.0, 'CVGW': 22.0, 'FIZZ': 66.0, 'FOXF': 36.0, 'HOFT': 39.0, 'HTHT': 195.0, 'LULU': 15.0, 'MGPI': 99.0, 'PLCE': 7.0, 'PRMW': 330.0, 'RCKY': 24.0, 'SKYW': 41.0, 'SSRM': 294.0, 'STNG': 218.0, 'TWOU': 36.0, 'WIFI': 51.0};3481.8023805618495
3;8;markowitz_portfolio_with_forecast_and adjusted covariance_matrix;0.8039742392920886;0.00022792644619814575;3439.5931335258383;{'ADXS': 378.0, 'BBSI': 1132.0};0.0
4;8;markowitz_portfolio_with_forecast_and_latent_features;0.5378898821771456;0.146184721321787;3.542708687299461;{'ABMD': 27.0, 'ADUS': 17.0, 'ADXS': 76.0, 'AERI': 9.0, 'AKAO': 46.0, 'AMZN': 6.0, 'ANGI': 12.0, 'AQXP': 87.0, 'ARRY': 85.0, 'ASMB': 45.0, 'AYI': 2.0, 'BOOM': 57.0, 'BPL': 9.0, 'BWXT': 218.0, 'CBOE': 71.0, 'CEA': 12.0, 'CENTA': 35.0, 'CHDN': 12.0, 'CSFL': 185.0, 'CVGW': 14.0, 'FIZZ': 55.0, 'FOXF': 31.0, 'HOFT': 51.0, 'HTHT': 150.0, 'LULU': 2.0, 'MGPI': 78.0, 'PLCE': 15.0, 'PRMW': 368.0, 'RCKY': 43.0, 'SKYW': 15.0, 'SRCL': 24.0, 'SSRM': 348.0, 'STNG': 428.0, 'TWOU': 16.0, 'WIFI': 48.0};3020.485037803674
0;7;markowitz_portfolio_without_forecast_without_preselection;0.37024270750248295;0.08409321209973344;4.164934347936427;{'PGR': 117, 'BWXT': 98, 'AMZN': 4, 'TVIX': 104, 'AXGN': 118, 'STZ': 19, 'CPRT': 67, 'HTHT': 85, 'MGPI': 40, 'HSKA': 32, 'WD': 55, 'TPL': 5, 'COR': 26, 'LOGI': 56, 'CSFL': 73, 'RTN': 11, 'INGN': 12, 'LMAT': 57, 'CASI': 251, 'FOXF': 44, 'TSE': 19, 'OFLX': 20, 'CASH': 13, 'SKYW': 24, 'MTN': 6, 'EXEL': 63, 'MIXT': 67, 'TTWO': 10, 'INFO': 22, 'TSN': 16, 'ALGN': 4, 'CLUB': 97, 'ICUI': 4, 'ROST': 12, 'LULU': 7, 'VCEL': 53, 'CDXS': 44, 'MZOR': 10, 'ULTA': 3, 'ZN': 136, 'ITI': 87, 'SPHS': 137, 'JOBS': 4, 'WTW': 5, 'EGRX': 6, 'PMD': 22, 'RENN': 45, 'CNC': 3, 'SYNC': 196, 'LUNA': 100, 'CENTA': 8, 'CLX': 2, 'PLUS': 3, 'NETE': 25, 'NURO': 133, 'NTWK': 33, 'ARQL': 39, 'CME': 1, 'WATT': 3, 'MBOT': 70, 'FSM': 7, 'EGAN': 2};1696.2421156168043
1;7;markowitz_portfolio_without_forecast;0.4617873037944907;0.1473825607498929;2.997554809379384;{'ABMD': 18.0, 'AERI': 7.0, 'AKAO': 24.0, 'ALGN': 3.0, 'AMZN': 6.0, 'AQXP': 59.0, 'ARRY': 51.0, 'ASMB': 65.0, 'BWXT': 207.0, 'CBOE': 69.0, 'CENTA': 71.0, 'CPRT': 29.0, 'CSFL': 125.0, 'CVGW': 13.0, 'FIZZ': 62.0, 'FOXF': 62.0, 'HOFT': 42.0, 'HTHT': 170.0, 'JBSS': 7.0, 'JOBS': 39.0, 'JOUT': 2.0, 'LULU': 12.0, 'MGPI': 97.0, 'PLCE': 16.0, 'PRMW': 360.0, 'RCKY': 21.0, 'SKYW': 42.0, 'SSRM': 277.0, 'TWOU': 24.0, 'WIFI': 10.0};533.7939777374716
2;7;markowitz_portfolio_with_forecast;0.5188723495168869;0.15844326421401317;3.1485866691249673;{'ABMD': 19.0, 'ADXS': 371.0, 'AERI': 5.0, 'AKAO': 21.0, 'ALGN': 1.0, 'AMZN': 7.0, 'AQXP': 59.0, 'ARRY': 28.0, 'ASCMA': 4.0, 'ASMB': 61.0, 'AUTO': 79.0, 'AYI': 3.0, 'BWXT': 197.0, 'CBOE': 61.0, 'CENTA': 75.0, 'CHDN': 10.0, 'CPRT': 46.0, 'CSFL': 34.0, 'CVGW': 11.0, 'EFOI': 59.0, 'EGLE': 1.0, 'FIZZ': 62.0, 'FOXF': 59.0, 'HOFT': 50.0, 'HTHT': 168.0, 'JBSS': 7.0, 'JOBS': 14.0, 'JOUT': 7.0, 'LULU': 6.0, 'MGPI': 100.0, 'PLCE': 18.0, 'PRMW': 342.0, 'RCKY': 12.0, 'SKYW': 45.0, 'SSRM': 281.0, 'TWOU': 18.0, 'WIFI': 6.0};514.7388772964972
3;7;markowitz_portfolio_with_forecast_and adjusted covariance_matrix;0.6962124009058128;8.642535510353019e-05;7824.236303059075;{'ABMD': 79.0, 'ADXS': 1.0, 'AERI': 1370.0, 'ASCMA': 1.0, 'BBSI': 3.0};-0.3999998569488601
4;7;markowitz_portfolio_with_forecast_and_latent_features;0.5188723495168869;0.15844326421401317;3.1485866691249673;{'ABMD': 19.0, 'ADXS': 371.0, 'AERI': 5.0, 'AKAO': 21.0, 'ALGN': 1.0, 'AMZN': 7.0, 'AQXP': 59.0, 'ARRY': 28.0, 'ASCMA': 4.0, 'ASMB': 61.0, 'AUTO': 79.0, 'AYI': 3.0, 'BWXT': 197.0, 'CBOE': 61.0, 'CENTA': 75.0, 'CHDN': 10.0, 'CPRT': 46.0, 'CSFL': 34.0, 'CVGW': 11.0, 'EFOI': 59.0, 'EGLE': 1.0, 'FIZZ': 62.0, 'FOXF': 59.0, 'HOFT': 50.0, 'HTHT': 168.0, 'JBSS': 7.0, 'JOBS': 14.0, 'JOUT': 7.0, 'LULU': 6.0, 'MGPI': 100.0, 'PLCE': 18.0, 'PRMW': 342.0, 'RCKY': 12.0, 'SKYW': 45.0, 'SSRM': 281.0, 'TWOU': 18.0, 'WIFI': 6.0};514.7388772964972
0;6;markowitz_portfolio_without_forecast_without_preselection;0.3706517966105025;0.08369656391037904;4.189560242711695;{'ICUI': 4.0, 'ARQL': 144.0, 'CLX': 8.0, 'MGPI': 39.0, 'CSFL': 54.0, 'CME': 4.0, 'MIXT': 65.0, 'PGR': 121.0, 'RTN': 11.0, 'EGRX': 6.0, 'ROST': 2.0, 'OFLX': 16.0, 'ALGN': 6.0, 'CRNT': 2.0, 'VCEL': 52.0, 'NURO': 123.0, 'CNC': 4.0, 'LMAT': 59.0, 'TVIX': 100.0, 'NTWK': 92.0, 'GOLD': 3.0, 'LOGI': 52.0, 'TTWO': 6.0, 'MZOR': 8.0, 'SPHS': 123.0, 'HIIQ': 2.0, 'CENTA': 7.0, 'TPL': 5.0, 'HSKA': 30.0, 'FOXF': 54.0, 'ITI': 43.0, 'AMZN': 4.0, 'EGAN': 19.0, 'INFO': 4.0, 'NFLX': 1.0, 'BWXT': 90.0, 'EXEL': 56.0, 'CLUB': 94.0, 'COR': 23.0, 'WD': 57.0, 'INGN': 11.0, 'PMD': 18.0, 'WATT': 2.0, 'CASI': 277.0, 'CASH': 16.0, 'CPRT': 51.0, 'JOBS': 3.0, 'WTW': 4.0, 'AXGN': 109.0, 'SYNC': 179.0, 'SKYW': 23.0, 'AAXN': 2.0, 'TSE': 16.0, 'MTN': 6.0, 'STZ': 19.0, 'MBOT': 60.0, 'NERV': 9.0, 'TSN': 14.0, 'ZN': 106.0, 'SUI': 2.0, 'CDXS': 46.0, 'LUNA': 83.0, 'LULU': 8.0, 'HTHT': 85.0, 'PLUS': 4.0, 'WWE': 17.0, 'ULTA': 1.0, 'RENN': 42.0, 'NETE': 23.0};743.1895847320271
1;6;markowitz_portfolio_without_forecast;0.4819683662565541;0.15211622235421832;3.036943457488795;{'ABMD': 23.0, 'ADUS': 13.0, 'ALGN': 9.0, 'AMZN': 5.0, 'AQXP': 55.0, 'ARRY': 48.0, 'ASMB': 64.0, 'BWXT': 216.0, 'CBOE': 15.0, 'CENTA': 70.0, 'CHDN': 6.0, 'CPRT': 33.0, 'CSFL': 127.0, 'FIZZ': 63.0, 'FOXF': 84.0, 'HOFT': 48.0, 'HTHT': 179.0, 'JBSS': 13.0, 'JOBS': 20.0, 'LULU': 22.0, 'MGPI': 95.0, 'PLCE': 7.0, 'PRMW': 370.0, 'RCKY': 31.0, 'SKYW': 33.0, 'SSRM': 282.0, 'TWOU': 28.0, 'WIFI': 28.0};2117.4707698821962
2;6;markowitz_portfolio_with_forecast;0.5292789265037983;0.15926584883668254;3.197665602661829;{'AAXN': 4.0, 'ABMD': 26.0, 'ACET': 85.0, 'ADUS': 8.0, 'ADXS': 4106.0, 'AKAO': 2.0, 'AMZN': 3.0, 'AQXP': 52.0, 'ARRY': 25.0, 'ASCMA': 44.0, 'ASMB': 59.0, 'BWXT': 244.0, 'CBOE': 17.0, 'CENTA': 70.0, 'CPRT': 139.0, 'CSFL': 49.0, 'FIZZ': 69.0, 'FOXF': 80.0, 'HOFT': 47.0, 'HTHT': 177.0, 'JBSS': 15.0, 'JOBS': 4.0, 'LULU': 23.0, 'MGPI': 94.0, 'PLCE': 6.0, 'PRMW': 340.0, 'RCKY': 16.0, 'SKYW': 36.0, 'SSRM': 286.0, 'TWOU': 40.0, 'WIFI': 41.0};1953.0412850379917
3;6;markowitz_portfolio_with_forecast_and adjusted covariance_matrix;0.7483174274625011;6.037013766849673e-05;12064.20020874928;{'AAXN': 1.0, 'ABMD': 164.0, 'ABX': 2.0, 'ACET': 63.0, 'ACHN': 3.0, 'ACIW': 1.0, 'ADMS': 6.0, 'ADXS': 6644.0, 'AEGN': 1.0, 'AERI': 1.0, 'AFSI': 2.0, 'AGEN': 12.0, 'AKAO': 10.0, 'AKRX': 2.0, 'ALCO': 1.0, 'ALKS': 3.0, 'ALNY': 1.0, 'AMAG': 2.0, 'AMSC': 25.0, 'ANGI': 3.0, 'AOSL': 5.0, 'APA': 1.0, 'AQXP': 2.0, 'AREX': 23.0, 'ARII': 1.0, 'ARRY': 10.0, 'ARWR': 3686.0, 'ASCMA': 18.0, 'ASNA': 3.0, 'ASPS': 10.0, 'ATI': 1.0, 'ATRO': 1.0, 'AXDX': 3.0, 'BBBY': 1.0, 'BBL': 1.0, 'BBSI': 9.0, 'BGCP': 2.0, 'BGG': 1.0, 'BNFT': 3.0, 'BPT': 1.0, 'BREW': 1.0, 'BSET': 1.0, 'BTE': 6.0, 'CARB': 1.0, 'CBT': 1.0, 'CCLP': 4.0, 'CEA': 1.0, 'CECE': 5.0, 'CECO': 2.0, 'CFFN': 1.0, 'CGNX': 1.0, 'CLD': 10.0, 'COG': 2.0, 'CONN': 3.0, 'CPE': 1.0, 'CPSI': 1.0, 'CROX': 5.0, 'CRUS': 1.0, 'CRZO': 1.0, 'CSIQ': 2.0, 'CTB': 1.0, 'CTRL': 1.0, 'CTRN': 1.0, 'CUI': 7.0, 'CVE': 3.0, 'CVTI': 1.0, 'DAKT': 4.0, 'DEST': 10.0, 'DHT': 2.0, 'DISCA': 1.0, 'DISCK': 2.0, 'DSX': 23.0, 'DWSN': 3.0, 'EFOI': 194.0, 'EPAY': 1.0, 'ERA': 2.0, 'ESND': 1.0, 'FELE': 1.0, 'FOLD': 221.0, 'FOSL': 3.0, 'FRO': 15.0, 'GNTX': 1.0, 'GPRE': 1.0, 'HAYN': 1.0, 'HNRG': 5.0, 'HOFT': 1.0, 'HUBG': 1.0, 'HURC': 1.0, 'HWKN': 1.0, 'ITRI': 1.0, 'JVA': 6.0, 'LWAY': 6.0, 'MCEP': 42.0, 'MNST': 1.0, 'PHIIK': 3.0, 'PTSI': 1.0, 'RAIL': 4.0, 'SCHN': 1.0, 'SNBR': 2.0, 'SQBG': 10.0, 'STNG': 5.0, 'TESS': 2.0, 'USAK': 1.0, 'USAP': 2.0, 'VNET': 1.0, 'WPRT': 40.0, 'XLRN': 1.0, 'ZEUS': 1.0};2767.699125766884
4;6;markowitz_portfolio_with_forecast_and_latent_features;0.5368571807560553;0.1332228348890884;3.879644065421313;{'AAXN': 26.0, 'ABMD': 22.0, 'ACET': 119.0, 'ADUS': 11.0, 'ADXS': 7695.0, 'AKAO': 52.0, 'ALGN': 1.0, 'AMZN': 1.0, 'ANGI': 75.0, 'AQXP': 85.0, 'ARRY': 74.0, 'ASCMA': 252.0, 'ASMB': 66.0, 'BWXT': 310.0, 'CARB': 6.0, 'CBOE': 15.0, 'CENTA': 64.0, 'CPRT': 236.0, 'CSFL': 90.0, 'FIZZ': 51.0, 'FOXF': 73.0, 'HOFT': 64.0, 'HTHT': 134.0, 'JBSS': 16.0, 'JOUT': 8.0, 'LULU': 18.0, 'MGPI': 63.0, 'PLCE': 9.0, 'PRMW': 297.0, 'RCKY': 14.0, 'SKYW': 17.0, 'SSRM': 289.0, 'TWOU': 4.0, 'WIFI': 7.0};1679.002019405369
0;5;markowitz_portfolio_without_forecast_without_preselection;0.37321846681725573;0.084235907548942;4.193205452342658;{'ICUI': 5.0, 'ARQL': 167.0, 'CLX': 14.0, 'MGPI': 38.0, 'CSFL': 32.0, 'CME': 8.0, 'MIXT': 60.0, 'PGR': 105.0, 'RTN': 4.0, 'EGRX': 7.0, 'ROST': 9.0, 'VICR': 1.0, 'OFLX': 14.0, 'ALGN': 6.0, 'CRNT': 38.0, 'ANGI': 1.0, 'VCEL': 53.0, 'NURO': 133.0, 'CNC': 3.0, 'LMAT': 59.0, 'TVIX': 139.0, 'NTWK': 48.0, 'GOLD': 1.0, 'LOGI': 60.0, 'TTWO': 6.0, 'MZOR': 7.0, 'SPHS': 126.0, 'HIIQ': 4.0, 'CENTA': 10.0, 'TPL': 5.0, 'HSKA': 30.0, 'PETS': 3.0, 'FOXF': 57.0, 'AMZN': 3.0, 'EGAN': 10.0, 'INFO': 3.0, 'NFLX': 1.0, 'TRCH': 2.0, 'BWXT': 82.0, 'EXEL': 47.0, 'CLUB': 92.0, 'COR': 19.0, 'WD': 56.0, 'INGN': 11.0, 'PMD': 19.0, 'CASI': 287.0, 'CASH': 14.0, 'CPRT': 59.0, 'JOBS': 1.0, 'WTW': 5.0, 'AXGN': 107.0, 'FSM': 10.0, 'SYNC': 181.0, 'SKYW': 18.0, 'TSE': 16.0, 'MTN': 11.0, 'STZ': 17.0, 'MBOT': 74.0, 'NERV': 7.0, 'TSN': 16.0, 'ZN': 83.0, 'CDXS': 40.0, 'LUNA': 19.0, 'LULU': 11.0, 'HTHT': 82.0, 'PLUS': 6.0, 'WWE': 16.0, 'RENN': 40.0, 'NETE': 22.0};379.16969001300953
1;5;markowitz_portfolio_without_forecast;0.47134126183912056;0.14625832193396737;3.085918502763158;{'AAXN': 9.0, 'ABMD': 9.0, 'ADUS': 9.0, 'AERI': 7.0, 'ALGN': 13.0, 'AMZN': 5.0, 'AQXP': 50.0, 'ARRY': 51.0, 'ASMB': 51.0, 'BWXT': 192.0, 'CBOE': 33.0, 'CENTA': 61.0, 'CPRT': 144.0, 'CSFL': 35.0, 'FIZZ': 60.0, 'FOXF': 82.0, 'HOFT': 63.0, 'HTHT': 162.0, 'JBSS': 9.0, 'JOBS': 14.0, 'LULU': 15.0, 'MGPI': 87.0, 'PLCE': 9.0, 'PRMW': 397.0, 'RCKY': 27.0, 'SKYW': 21.0, 'SSRM': 234.0, 'TWOU': 34.0, 'WIFI': 26.0};-3073.940479278497
2;5;markowitz_portfolio_with_forecast;0.5045904750631263;0.1520987700455472;3.186024942331958;{'AAXN': 10.0, 'ABMD': 15.0, 'ADUS': 25.0, 'AERI': 6.0, 'AGRX': 137.0, 'ALGN': 10.0, 'AMZN': 6.0, 'AQXP': 51.0, 'ARRY': 45.0, 'ASMB': 48.0, 'BWXT': 188.0, 'CBOE': 46.0, 'CENTA': 59.0, 'CPRT': 117.0, 'FIZZ': 59.0, 'FOXF': 73.0, 'GNMX': 1.0, 'HOFT': 64.0, 'HTHT': 165.0, 'JBSS': 2.0, 'JOBS': 20.0, 'LULU': 3.0, 'LYTS': 452.0, 'MGPI': 82.0, 'PLCE': 16.0, 'PRMW': 400.0, 'RCKY': 13.0, 'SKYW': 17.0, 'SSRM': 244.0, 'TWOU': 25.0, 'WIFI': 25.0};-2982.2104473113177
3;5;markowitz_portfolio_with_forecast_and adjusted covariance_matrix;0.518090765293066;0.00013354448063406728;3729.7742514564297;{'AABA': 1.0, 'AAL': 2.0, 'AAOI': 1.0, 'AAON': 2.0, 'AAWW': 1.0, 'AAXN': 1.0, 'ABB': 5.0, 'ABCB': 1.0, 'ABG': 1.0, 'ABMD': 87.0, 'ABX': 8.0, 'ACET': 23.0, 'ACGL': 5.0, 'ACHC': 3.0, 'ACHN': 20.0, 'ACIW': 4.0, 'ACOR': 3.0, 'ACXM': 3.0, 'ADI': 1.0, 'ADMS': 2.0, 'ADP': 1.0, 'ADSK': 1.0, 'ADUS': 1.0, 'AEGN': 4.0, 'AEIS': 1.0, 'AERI': 1.0, 'AFSI': 8.0, 'AGEN': 26.0, 'AGRX': 9.0, 'AGX': 3.0, 'AGYS': 3.0, 'AIMC': 2.0, 'AIN': 1.0, 'AIT': 1.0, 'AKAO': 4.0, 'AKBA': 11.0, 'AKRX': 3.0, 'AKS': 22.0, 'ALCO': 4.0, 'ALDR': 3.0, 'ALGT': 1.0, 'ALKS': 2.0, 'ALXN': 1.0, 'AMAG': 3.0, 'AMAT': 1.0, 'AMBA': 2.0, 'AMBC': 2.0, 'AMCX': 2.0, 'AMED': 1.0, 'AMGN': 1.0, 'AMKR': 12.0, 'AMNB': 2.0, 'AMOT': 1.0, 'AMPH': 5.0, 'AMSC': 25.0, 'AMSF': 2.0, 'AMSWA': 7.0, 'ANAT': 1.0, 'ANCX': 3.0, 'ANDV': 1.0, 'ANDX': 3.0, 'ANGI': 3.0, 'ANGO': 6.0, 'ANIK': 1.0, 'ANIP': 1.0, 'AOBC': 8.0, 'AOSL': 5.0, 'APA': 4.0, 'APC': 2.0, 'APD': 1.0, 'APEI': 2.0, 'APOG': 2.0, 'AQXP': 3.0, 'ARCB': 2.0, 'AREX': 67.0, 'ARII': 4.0, 'ARLP': 7.0, 'ARNA': 1.0, 'AROW': 3.0, 'ARRS': 4.0, 'ARRY': 2.0, 'ARWR': 453.0, 'ASH': 1.0, 'ASMB': 1.0, 'ASNA': 38.0, 'ASPS': 7.0, 'ASR': 1.0, 'ASTE': 1.0, 'ASYS': 12.0, 'ATI': 5.0, 'ATRC': 3.0, 'ATRO': 3.0, 'ATSG': 2.0, 'ATTU': 9.0, 'ATVI': 1.0, 'AUTO': 21.0, 'AVAV': 1.0, 'AVDL': 14.0, 'AVID': 24.0, 'AVY': 1.0, 'AXDX': 4.0, 'AYI': 1.0, 'AZPN': 1.0, 'AZZ': 2.0, 'BAK': 4.0, 'BANF': 1.0, 'BANR': 1.0, 'BBBY': 9.0, 'BBL': 3.0, 'BBSI': 1.0, 'BCOR': 2.0, 'BCPC': 1.0, 'BDC': 2.0, 'BDGE': 3.0, 'BECN': 2.0, 'BELFB': 6.0, 'BGCP': 7.0, 'BGG': 6.0, 'BHGE': 4.0, 'BHP': 3.0, 'BJRI': 1.0, 'BLDR': 2.0, 'BLKB': 1.0, 'BLL': 3.0, 'BLMN': 5.0, 'BMRC': 1.0, 'BMS': 2.0, 'BMTC': 2.0, 'BNFT': 2.0, 'BOFI': 2.0, 'BOKF': 1.0, 'BOOM': 2.0, 'BPL': 3.0, 'BPT': 7.0, 'BRC': 2.0, 'BREW': 4.0, 'BRKR': 3.0, 'BRKS': 2.0, 'BRS': 11.0, 'BSET': 2.0, 'BTE': 65.0, 'BVN': 6.0, 'BWXT': 1.0, 'CAC': 2.0, 'CALM': 2.0, 'CAMP': 4.0, 'CARB': 2.0, 'CASY': 1.0, 'CATY': 2.0, 'CBOE': 1.0, 'CBRL': 1.0, 'CBT': 2.0, 'CCBG': 4.0, 'CCJ': 11.0, 'CCLP': 32.0, 'CCMP': 1.0, 'CCOI': 2.0, 'CDW': 1.0, 'CEA': 1.0, 'CECE': 21.0, 'CECO': 3.0, 'CENTA': 1.0, 'CENX': 6.0, 'CEO': 1.0, 'CERN': 2.0, 'CEVA': 2.0, 'CFFN': 9.0, 'CGNX': 2.0, 'CHEF': 3.0, 'CHKP': 1.0, 'CHRW': 1.0, 'CHSCN': 4.0, 'CHSCO': 4.0, 'CHUY': 3.0, 'CKH': 3.0, 'CLD': 40.0, 'CLX': 1.0, 'CMCO': 2.0, 'CMCSA': 3.0, 'CMRE': 21.0, 'CMTL': 3.0, 'CNI': 1.0, 'CNQ': 4.0, 'CNTY': 10.0, 'CNX': 7.0, 'COG': 5.0, 'COHU': 3.0, 'COKE': 1.0, 'COLM': 1.0, 'COMM': 3.0, 'CONE': 1.0, 'CONN': 2.0, 'CORE': 2.0, 'CPA': 1.0, 'CPE': 10.0, 'CPRT': 1.0, 'CPSI': 4.0, 'CRMT': 1.0, 'CROX': 5.0, 'CRUS': 2.0, 'CRZO': 6.0, 'CSCO': 2.0, 'CSFL': 2.0, 'CSIQ': 11.0, 'CSL': 1.0, 'CSOD': 2.0, 'CSTE': 9.0, 'CSWC': 8.0, 'CSX': 1.0, 'CTB': 4.0, 'CTRE': 7.0, 'CTRL': 4.0, 'CTRN': 5.0, 'CTSH': 1.0, 'CTXS': 1.0, 'CUI': 53.0, 'CVE': 18.0, 'CVGI': 12.0, 'CVGW': 1.0, 'CVLT': 2.0, 'CVTI': 2.0, 'CVX': 1.0, 'CYD': 5.0, 'CYOU': 7.0, 'DAKT': 15.0, 'DAL': 2.0, 'DENN': 5.0, 'DEST': 39.0, 'DFRG': 11.0, 'DHT': 30.0, 'DISCA': 7.0, 'DISCK': 7.0, 'DISH': 4.0, 'DLTR': 1.0, 'DNKN': 1.0, 'DORM': 1.0, 'DOX': 1.0, 'DSX': 34.0, 'DWSN': 20.0, 'DXPE': 4.0, 'ECHO': 3.0, 'EFOI': 66.0, 'EGLE': 2.0, 'ENTG': 2.0, 'EPAY': 2.0, 'ERA': 10.0, 'ESLT': 1.0, 'ESND': 12.0, 'EXPD': 1.0, 'EXPE': 1.0, 'EXPO': 1.0, 'EZPW': 7.0, 'FANG': 1.0, 'FARM': 3.0, 'FARO': 2.0, 'FELE': 2.0, 'FLDM': 28.0, 'FLIR': 2.0, 'FLXS': 3.0, 'FOLD': 1398.0, 'FOSL': 4.0, 'FOXF': 1.0, 'FRO': 16.0, 'FSTR': 6.0, 'FWRD': 2.0, 'GEOS': 14.0, 'GIII': 2.0, 'GNMX': 108.0, 'GNTX': 4.0, 'GOLD': 1.0, 'GPOR': 15.0, 'GPRE': 8.0, 'GRMN': 2.0, 'GSM': 15.0, 'GTLS': 1.0, 'GWR': 1.0, 'HAIN': 4.0, 'HAS': 1.0, 'HAYN': 3.0, 'HCCI': 5.0, 'HELE': 1.0, 'HNRG': 16.0, 'HOFT': 1.0, 'HOLI': 2.0, 'HTHT': 1.0, 'HTLD': 5.0, 'HUBG': 2.0, 'HURC': 2.0, 'HWKN': 3.0, 'HYGS': 10.0, 'IART': 1.0, 'IEP': 2.0, 'IIIN': 3.0, 'IIVI': 1.0, 'IOSP': 1.0, 'IPAR': 2.0, 'IPHS': 3.0, 'IRBT': 1.0, 'ITRI': 2.0, 'JBHT': 1.0, 'JBLU': 4.0, 'JBSS': 1.0, 'JJSF': 1.0, 'JOBS': 1.0, 'JOUT': 1.0, 'JVA': 27.0, 'KALU': 1.0, 'KBAL': 6.0, 'KLAC': 1.0, 'KMX': 1.0, 'KNX': 2.0, 'KSU': 1.0, 'LANC': 1.0, 'LGCYO': 11.0, 'LMNR': 4.0, 'LPG': 18.0, 'LSTR': 1.0, 'LTM': 9.0, 'LULU': 1.0, 'LYTS': 7.0, 'MAT': 8.0, 'MCEP': 121.0, 'MDLZ': 3.0, 'MDRX': 13.0, 'MEOH': 1.0, 'MERC': 5.0, 'MGEE': 2.0, 'MLHR': 3.0, 'MMLP': 11.0, 'MNST': 1.0, 'MRTN': 4.0, 'MTRX': 6.0, 'MYRG': 2.0, 'NHTC': 2.0, 'NSC': 1.0, 'NWPX': 4.0, 'NYNY': 4.0, 'OMAB': 3.0, 'PAAS': 4.0, 'PAC': 1.0, 'PATK': 1.0, 'PDCE': 2.0, 'PEP': 1.0, 'PERY': 3.0, 'PETX': 22.0, 'PHIIK': 15.0, 'PLPC': 1.0, 'POWL': 4.0, 'PPC': 3.0, 'PRIM': 4.0, 'PRMW': 3.0, 'PTEN': 8.0, 'PTSI': 2.0, 'RAIL': 9.0, 'RCKY': 3.0, 'RGLD': 1.0, 'ROCK': 1.0, 'RRTS': 55.0, 'RUSHA': 2.0, 'RYAAY': 1.0, 'SAFM': 1.0, 'SAIA': 1.0, 'SBLK': 23.0, 'SCHN': 3.0, 'SENEA': 4.0, 'SGC': 3.0, 'SHOO': 2.0, 'SKYW': 1.0, 'SLGN': 4.0, 'SNBR': 3.0, 'SNP': 1.0, 'SODA': 1.0, 'SPTN': 4.0, 'SQBG': 76.0, 'SRCE': 2.0, 'SRCL': 2.0, 'SSRM': 7.0, 'STLD': 1.0, 'STNG': 57.0, 'TESS': 9.0, 'THRM': 3.0, 'TILE': 4.0, 'UFPI': 2.0, 'USAK': 1.0, 'USAP': 5.0, 'USLM': 1.0, 'VLRS': 18.0, 'VNET': 10.0, 'VNOM': 4.0, 'WDFC': 1.0, 'WERN': 2.0, 'WIFI': 2.0, 'WIRE': 2.0, 'WLFC': 3.0, 'WPRT': 113.0, 'WWD': 1.0, 'XEC': 1.0, 'XLRN': 2.0, 'YRCW': 10.0, 'ZEUS': 4.0};410.9400863647364
4;5;markowitz_portfolio_with_forecast_and_latent_features;0.5045904750631263;0.1520987700455472;3.186024942331958;{'AAXN': 10.0, 'ABMD': 15.0, 'ADUS': 25.0, 'AERI': 6.0, 'AGRX': 137.0, 'ALGN': 10.0, 'AMZN': 6.0, 'AQXP': 51.0, 'ARRY': 45.0, 'ASMB': 48.0, 'BWXT': 188.0, 'CBOE': 46.0, 'CENTA': 59.0, 'CPRT': 117.0, 'FIZZ': 59.0, 'FOXF': 73.0, 'GNMX': 1.0, 'HOFT': 64.0, 'HTHT': 165.0, 'JBSS': 2.0, 'JOBS': 20.0, 'LULU': 3.0, 'LYTS': 452.0, 'MGPI': 82.0, 'PLCE': 16.0, 'PRMW': 400.0, 'RCKY': 13.0, 'SKYW': 17.0, 'SSRM': 244.0, 'TWOU': 25.0, 'WIFI': 25.0};-2982.2104473113177
0;4;markowitz_portfolio_without_forecast_without_preselection;0.3662771710153181;0.08289679218477312;4.177208332060452;{'ICUI': 3.0, 'ARQL': 158.0, 'CLX': 22.0, 'MGPI': 37.0, 'CSFL': 49.0, 'CME': 9.0, 'MIXT': 49.0, 'PGR': 91.0, 'RTN': 3.0, 'EGRX': 7.0, 'ROST': 12.0, 'OFLX': 20.0, 'ALGN': 6.0, 'ANGI': 1.0, 'VCEL': 48.0, 'NURO': 126.0, 'CNC': 4.0, 'LMAT': 54.0, 'TVIX': 100.0, 'NTWK': 42.0, 'LOGI': 60.0, 'TTWO': 7.0, 'MZOR': 6.0, 'SPHS': 150.0, 'HIIQ': 2.0, 'CENTA': 7.0, 'TPL': 5.0, 'HSKA': 30.0, 'PETS': 10.0, 'FOXF': 60.0, 'ITI': 25.0, 'AMZN': 3.0, 'EGAN': 27.0, 'INFO': 20.0, 'SRPT': 2.0, 'NFLX': 1.0, 'BWXT': 81.0, 'EXEL': 52.0, 'CLUB': 87.0, 'COR': 23.0, 'WD': 57.0, 'INGN': 11.0, 'PMD': 17.0, 'ISRG': 1.0, 'CASM': 18.0, 'CASI': 246.0, 'CASH': 9.0, 'CPRT': 54.0, 'WTW': 5.0, 'AXGN': 105.0, 'FSM': 9.0, 'SYNC': 184.0, 'SKYW': 12.0, 'AAXN': 3.0, 'TSE': 15.0, 'MTN': 10.0, 'STZ': 18.0, 'MBOT': 69.0, 'NERV': 5.0, 'TSN': 12.0, 'ZN': 119.0, 'CDXS': 35.0, 'LUNA': 20.0, 'LULU': 11.0, 'HTHT': 84.0, 'PLUS': 5.0, 'WWE': 25.0, 'RENN': 128.0, 'NETE': 24.0};1201.8108775616222
1;4;markowitz_portfolio_without_forecast;0.4669233102636286;0.14928398878386553;2.993779265308133;{'BWXT': 169, 'AMZN': 6, 'ABMD': 19, 'MGPI': 85, 'HTHT': 171, 'PRMW': 390, 'FIZZ': 60, 'FOXF': 134, 'ALGN': 14, 'CBOE': 43, 'LULU': 26, 'CENTA': 78, 'HOFT': 63, 'TWOU': 35, 'SSRM': 241, 'ADUS': 26, 'CSFL': 51, 'RCKY': 51, 'ASMB': 38, 'AMED': 17, 'JBSS': 17, 'PLCE': 7, 'ARRY': 49, 'AERI': 12, 'JOUT': 9, 'AAXN': 5, 'AQXP': 113, 'WIFI': 7, 'SKYW': 2, 'PAAS': 7, 'ADXS': 44, 'AGRX': 90, 'LGCYO': 1};2179.220396041941
2;4;markowitz_portfolio_with_forecast;0.5634825726695447;0.16325815276227618;3.328976614484434;{'AAXN': 1.0, 'ABMD': 26.0, 'ADUS': 9.0, 'ADXS': 1162.0, 'AERI': 9.0, 'AGRX': 248.0, 'ALGN': 7.0, 'AMZN': 6.0, 'AQXP': 92.0, 'ARRY': 30.0, 'ASMB': 38.0, 'ASNA': 1.0, 'BTE': 2.0, 'BWXT': 195.0, 'CBOE': 43.0, 'CENTA': 79.0, 'CPRT': 47.0, 'CSFL': 46.0, 'DSX': 1.0, 'EGLE': 6.0, 'FIZZ': 57.0, 'FOXF': 106.0, 'HOFT': 68.0, 'HTHT': 156.0, 'JBSS': 18.0, 'JOUT': 9.0, 'LULU': 39.0, 'MGPI': 86.0, 'PRMW': 347.0, 'RCKY': 58.0, 'SKYW': 7.0, 'SSRM': 253.0, 'TWOU': 26.0, 'WPRT': 2.0};1906.3604011536395
3;4;markowitz_portfolio_with_forecast_and adjusted covariance_matrix;1.2288448674199848;0.00046715002016195755;2587.7016274148655;{'ABMD': 43.0, 'ADXS': 77.0, 'AGRX': 13.0, 'AKAO': 1.0, 'AKBA': 1.0, 'AQXP': 2.0, 'AREX': 2.0, 'ASCMA': 1.0, 'AVDL': 1.0, 'BTE': 1.0, 'CSWC': 367.0, 'EFOI': 5.0, 'EGLE': 135.0, 'FLDM': 1.0, 'FOLD': 4902.0, 'HYGS': 1.0, 'LWAY': 4.0, 'SQBG': 1.0};-7.409991979598747
4;4;markowitz_portfolio_with_forecast_and_latent_features;0.5634825726695447;0.16325815276227618;3.328976614484434;{'AAXN': 1.0, 'ABMD': 26.0, 'ADUS': 9.0, 'ADXS': 1162.0, 'AERI': 9.0, 'AGRX': 248.0, 'ALGN': 7.0, 'AMZN': 6.0, 'AQXP': 92.0, 'ARRY': 30.0, 'ASMB': 38.0, 'ASNA': 1.0, 'BTE': 2.0, 'BWXT': 195.0, 'CBOE': 43.0, 'CENTA': 79.0, 'CPRT': 47.0, 'CSFL': 46.0, 'DSX': 1.0, 'EGLE': 6.0, 'FIZZ': 57.0, 'FOXF': 106.0, 'HOFT': 68.0, 'HTHT': 156.0, 'JBSS': 18.0, 'JOUT': 9.0, 'LULU': 39.0, 'MGPI': 86.0, 'PRMW': 347.0, 'RCKY': 58.0, 'SKYW': 7.0, 'SSRM': 253.0, 'TWOU': 26.0, 'WPRT': 2.0};1906.3604011536395
0;3;markowitz_portfolio_without_forecast_without_preselection;0.3689779512774274;0.08375401672011015;4.166701072303728;{'ICUI': 3.0, 'ARQL': 164.0, 'CLX': 25.0, 'MGPI': 38.0, 'CSFL': 11.0, 'CME': 11.0, 'MIXT': 52.0, 'PGR': 76.0, 'RTN': 5.0, 'EGRX': 7.0, 'ROST': 8.0, 'SA': 4.0, 'VICR': 2.0, 'OFLX': 20.0, 'ALGN': 5.0, 'ANGI': 5.0, 'VCEL': 43.0, 'NURO': 130.0, 'CNC': 6.0, 'LMAT': 54.0, 'TVIX': 143.0, 'NTWK': 34.0, 'LOGI': 59.0, 'TTWO': 6.0, 'MZOR': 6.0, 'SPHS': 143.0, 'CENTA': 6.0, 'TPL': 5.0, 'HSKA': 28.0, 'FOXF': 67.0, 'ZGNX': 1.0, 'ITI': 75.0, 'AMZN': 3.0, 'EGAN': 21.0, 'INFO': 17.0, 'SRPT': 2.0, 'NFLX': 1.0, 'BWXT': 81.0, 'EXEL': 45.0, 'CLUB': 89.0, 'COR': 23.0, 'WD': 60.0, 'INGN': 10.0, 'PMD': 25.0, 'ISRG': 2.0, 'CASI': 242.0, 'CASH': 6.0, 'CPRT': 59.0, 'WTW': 4.0, 'AXGN': 103.0, 'SYNC': 161.0, 'SKYW': 12.0, 'AAXN': 3.0, 'TSE': 12.0, 'MTN': 11.0, 'STZ': 12.0, 'MBOT': 77.0, 'NERV': 4.0, 'TSN': 6.0, 'ZN': 89.0, 'CDXS': 41.0, 'LUNA': 76.0, 'LULU': 10.0, 'HTHT': 83.0, 'PLUS': 5.0, 'WWE': 25.0, 'ULTA': 2.0, 'RENN': 119.0, 'NETE': 22.0};-1794.680453598517
1;3;markowitz_portfolio_without_forecast;0.47425326999670414;0.14870902363784969;3.054644962924004;{'ABMD': 22.0, 'ADUS': 8.0, 'AERI': 10.0, 'ALGN': 11.0, 'AMED': 7.0, 'AMZN': 5.0, 'AQXP': 207.0, 'ARRY': 31.0, 'ASMB': 43.0, 'BWXT': 191.0, 'CBOE': 26.0, 'CENTA': 71.0, 'CHDN': 2.0, 'CPRT': 95.0, 'FIZZ': 58.0, 'FOXF': 128.0, 'HOFT': 67.0, 'HTHT': 157.0, 'JBSS': 23.0, 'JOUT': 5.0, 'LULU': 25.0, 'MGPI': 89.0, 'PRMW': 353.0, 'RCKY': 46.0, 'SKYW': 8.0, 'SSRM': 240.0, 'TWOU': 25.0, 'WIFI': 13.0};-887.9411582946823
2;3;markowitz_portfolio_with_forecast;0.5258277081009909;0.15698186206064332;3.2222047914400815;{'ABMD': 25.0, 'AERI': 6.0, 'AGEN': 82.0, 'AGRX': 58.0, 'ALGN': 8.0, 'AMED': 7.0, 'AMZN': 5.0, 'AQXP': 157.0, 'ARRY': 31.0, 'ASMB': 37.0, 'AVDL': 110.0, 'BWXT': 194.0, 'CBOE': 36.0, 'CENTA': 75.0, 'CPRT': 86.0, 'CYOU': 33.0, 'FIZZ': 64.0, 'FOXF': 120.0, 'HOFT': 66.0, 'HTHT': 149.0, 'ICON': 69.0, 'JBSS': 19.0, 'JOUT': 1.0, 'LULU': 23.0, 'MGPI': 90.0, 'PRMW': 356.0, 'RCKY': 43.0, 'SKYW': 5.0, 'SSRM': 237.0, 'TWOU': 21.0, 'WIFI': 13.0};-859.8711513280924
3;3;markowitz_portfolio_with_forecast_and adjusted covariance_matrix;0.6899079495947332;0.00025175427849607606;2660.95954196534;{'AAOI': 1.0, 'ABB': 1.0, 'ABX': 1.0, 'ACHN': 3.0, 'AFSI': 1.0, 'AGEN': 4.0, 'AGRX': 5.0, 'AGYS': 1.0, 'AKAO': 2.0, 'AKBA': 2.0, 'AKRX': 1.0, 'AKS': 2.0, 'ALDR': 1.0, 'AMBC': 1.0, 'AMKR': 1.0, 'AMPH': 1.0, 'AMSC': 2.0, 'AMSWA': 1.0, 'ANCX': 1.0, 'ANGI': 1.0, 'AOBC': 1.0, 'AOSL': 1.0, 'APEI': 1.0, 'AREX': 10.0, 'ARNA': 1.0, 'ARRY': 1.0, 'ARWR': 3396.0, 'ASMB': 1.0, 'ASNA': 3.0, 'ASPS': 1.0, 'ASYS': 3.0, 'ATTU': 2.0, 'AUTO': 2.0, 'AVDL': 1.0, 'AXDX': 1.0, 'BBBY': 1.0, 'BBSI': 2.0, 'BELFB': 1.0, 'BGCP': 1.0, 'BGG': 1.0, 'BLDR': 1.0, 'BOFI': 1.0, 'BOOM': 1.0, 'BPT': 1.0, 'BREW': 1.0, 'BRKS': 1.0, 'BRS': 1.0, 'BTE': 4.0, 'BVN': 1.0, 'CCJ': 1.0, 'CCLP': 3.0, 'CECE': 2.0, 'CECO': 1.0, 'CFFN': 1.0, 'CGNX': 1.0, 'CHEF': 1.0, 'CKH': 1.0, 'CLD': 3.0, 'CMRE': 1.0, 'CNTY': 1.0, 'CNX': 1.0, 'COHU': 1.0, 'CPE': 2.0, 'CPSI': 1.0, 'CROX': 1.0, 'CSIQ': 1.0, 'CSWC': 1.0, 'CTRE': 1.0, 'CUI': 3.0, 'CVE': 1.0, 'CVGI': 1.0, 'CVTI': 1.0, 'CYD': 1.0, 'CYOU': 201.0, 'DAKT': 1.0, 'DENN': 1.0, 'DEST': 2.0, 'DHT': 2.0, 'DISCA': 1.0, 'DISCK': 1.0, 'DSX': 1.0, 'DWSN': 2.0, 'ECHO': 1.0, 'ERA': 1.0, 'ESND': 1.0, 'EZPW': 1.0, 'FLDM': 2.0, 'FRO': 2.0, 'FSTR': 1.0, 'GEOS': 1.0, 'GPOR': 1.0, 'GPRE': 1.0, 'GSM': 1.0, 'HAIN': 1.0, 'HNRG': 2.0, 'HOLI': 1.0, 'HTHT': 1.0, 'HTLD': 1.0, 'HYGS': 2.0, 'ICON': 773.0, 'IIIN': 1.0, 'IIVI': 1.0, 'IRBT': 484.0, 'JBLU': 1.0, 'JVA': 2.0, 'KBAL': 1.0, 'LGCYO': 1.0, 'LPG': 1.0, 'LTM': 1.0, 'LYTS': 2.0, 'MCEP': 2.0, 'MDRX': 1.0, 'MMLP': 1.0, 'MTRX': 1.0, 'NHTC': 1.0, 'NWPX': 1.0, 'NYNY': 1.0, 'PAAS': 1.0, 'PETX': 2.0, 'PPC': 1.0, 'PRMW': 1.0, 'PTEN': 1.0, 'ROCK': 1.0, 'SBLK': 2.0, 'SQBG': 4.0, 'SSRM': 3.0, 'STNG': 6.0, 'VLRS': 2.0, 'VNET': 1.0, 'WIFI': 1.0, 'WPRT': 7.0, 'XLRN': 1.0, 'YRCW': 1.0};1383.539619088021
4;3;markowitz_portfolio_with_forecast_and_latent_features;0.8685891705491664;0.14798962163430263;5.734112711269148;{'ABMD': 1.0, 'ADUS': 22.0, 'AERI': 11.0, 'AKAO': 10.0, 'ALGN': 4.0, 'AMED': 49.0, 'AMZN': 11.0, 'ANGI': 2.0, 'AOBC': 139.0, 'AQXP': 70.0, 'ARRY': 24.0, 'ASMB': 35.0, 'AVAV': 39.0, 'AVDL': 127.0, 'BWXT': 252.0, 'CBOE': 99.0, 'CENTA': 46.0, 'CYOU': 138.0, 'FIZZ': 17.0, 'HOFT': 29.0, 'ICON': 1174.0, 'JOUT': 18.0, 'LULU': 20.0, 'MGPI': 89.0, 'PAAS': 140.0, 'PRMW': 378.0, 'RCKY': 60.0, 'WIFI': 4.0};-296.34135556224476
0;2;markowitz_portfolio_without_forecast_without_preselection;0.36229631381428523;0.08397045608166431;4.076389837413645;{'VTNR': 1.0, 'ICUI': 2.0, 'ARQL': 154.0, 'CACC': 1.0, 'CTHR': 1.0, 'CLX': 22.0, 'TNK': 1.0, 'MGPI': 39.0, 'INOD': 1.0, 'CME': 9.0, 'CCIH': 1.0, 'MIXT': 41.0, 'PGR': 89.0, 'RTN': 2.0, 'EGRX': 7.0, 'ROST': 11.0, 'SA': 8.0, 'VICR': 10.0, 'OFLX': 23.0, 'ALGN': 4.0, 'VRML': 1.0, 'PRTS': 1.0, 'CRNT': 46.0, 'ANGI': 7.0, 'VICL': 1.0, 'VCEL': 53.0, 'NURO': 151.0, 'KOOL': 2.0, 'CNC': 5.0, 'LMAT': 55.0, 'PERI': 1.0, 'TVIX': 146.0, 'JONE': 2.0, 'ALIM': 1.0, 'NTWK': 25.0, 'LOGI': 61.0, 'TTWO': 5.0, 'MZOR': 9.0, 'SPHS': 149.0, 'AMCN': 1.0, 'BIOL': 1.0, 'ANTH': 210.0, 'CENTA': 6.0, 'TPL': 5.0, 'HSKA': 29.0, 'CDTI': 1.0, 'FTEK': 1.0, 'FOXF': 62.0, 'ZGNX': 1.0, 'CTAS': 7.0, 'ITI': 33.0, 'AMZN': 3.0, 'EGAN': 26.0, 'INFO': 21.0, 'SRPT': 1.0, 'TRCH': 1.0, 'BWXT': 90.0, 'EXEL': 48.0, 'CLUB': 93.0, 'NLST': 5.0, 'COR': 27.0, 'WD': 60.0, 'OBE': 1.0, 'INGN': 10.0, 'ANY': 2.0, 'PMD': 30.0, 'ISRG': 2.0, 'CASM': 8.0, 'CASI': 251.0, 'XSPA': 2.0, 'CPRT': 47.0, 'WTW': 4.0, 'AXGN': 109.0, 'SYNC': 175.0, 'SKYW': 15.0, 'AAXN': 4.0, 'TSE': 12.0, 'ICON': 1.0, 'MTN': 10.0, 'STZ': 13.0, 'MBOT': 53.0, 'NERV': 5.0, 'ZN': 66.0, 'CDXS': 31.0, 'OVAS': 1.0, 'PSTI': 1.0, 'LUNA': 106.0, 'GSL': 1.0, 'LULU': 9.0, 'BBOX': 1.0, 'HTHT': 84.0, 'PLUS': 6.0, 'WWE': 27.0, 'GNCA': 1.0, 'ULTA': 1.0, 'RENN': 133.0, 'WWR': 2.0, 'MOSY': 1.0, 'NETE': 23.0, 'HGT': 1.0};1096.7968312799844
1;2;markowitz_portfolio_without_forecast;0.4591623924067098;0.1484831848123759;2.9576574139464853;{'AAXN': 11.0, 'ABMD': 22.0, 'ADUS': 32.0, 'ADXS': 10.0, 'AERI': 8.0, 'ALGN': 11.0, 'AMED': 9.0, 'AMZN': 4.0, 'AQXP': 206.0, 'ARRY': 15.0, 'ASMB': 50.0, 'ATTU': 8.0, 'BWXT': 204.0, 'CBOE': 15.0, 'CENTA': 60.0, 'CPRT': 85.0, 'CTAS': 19.0, 'FIZZ': 62.0, 'FOXF': 123.0, 'HOFT': 42.0, 'HTHT': 168.0, 'JBSS': 28.0, 'JOUT': 4.0, 'LULU': 29.0, 'MGPI': 86.0, 'PRMW': 357.0, 'RCKY': 15.0, 'SKYW': 41.0, 'SSRM': 235.0, 'TWOU': 6.0, 'WIFI': 19.0};1484.372131347633
2;2;markowitz_portfolio_with_forecast;0.5203024337710047;0.15826057684010642;3.1612574891374843;{'BWXT': 180, 'CTAS': 45, 'ABMD': 25, 'AMZN': 5, 'MGPI': 81, 'FIZZ': 59, 'HTHT': 157, 'PRMW': 348, 'FOXF': 119, 'ALGN': 11, 'SSRM': 245, 'AMED': 25, 'CPRT': 41, 'HOFT': 48, 'CENTA': 54, 'ASMB': 48, 'ADUS': 25, 'SKYW': 26, 'AAXN': 23, 'CBOE': 12, 'JBSS': 17, 'CSTE': 20, 'TWOU': 13, 'LULU': 9, 'AQXP': 151, 'RCKY': 21, 'JOUT': 6, 'AERI': 4, 'ADXS': 120, 'ARRY': 1};1758.092205047592
3;2;markowitz_portfolio_with_forecast_and adjusted covariance_matrix;1.2230455227755708;0.0002567159574336455;4686.290384136043;{'AABA': 1.0, 'AAL': 2.0, 'AAOI': 1.0, 'AAON': 1.0, 'AAWW': 1.0, 'AAXN': 1.0, 'ABB': 3.0, 'ABCB': 1.0, 'ABG': 1.0, 'ABX': 6.0, 'ACET': 8.0, 'ACGL': 2.0, 'ACHC': 1.0, 'ACIW': 2.0, 'ACOR': 2.0, 'ACXM': 2.0, 'ADI': 1.0, 'ADMS': 1.0, 'ADUS': 1.0, 'ADXS': 1974.0, 'AEGN': 3.0, 'AEIS': 1.0, 'AFSI': 3.0, 'AGIO': 1.0, 'AGX': 1.0, 'AGYS': 3.0, 'AIMC': 1.0, 'AIN': 1.0, 'AIT': 1.0, 'AKAO': 2.0, 'AKBA': 4.0, 'AKRX': 3.0, 'AKS': 12.0, 'ALCO': 2.0, 'ALDR': 3.0, 'ALKS': 1.0, 'AMAG': 2.0, 'AMAT': 1.0, 'AMBA': 1.0, 'AMBC': 3.0, 'AMCX': 1.0, 'AMKR': 6.0, 'AMNB': 1.0, 'AMOT': 1.0, 'AMPH': 4.0, 'AMSC': 15.0, 'AMSF': 1.0, 'AMSWA': 3.0, 'AMWD': 1.0, 'ANCX': 2.0, 'ANDX': 2.0, 'ANGI': 3.0, 'ANGO': 3.0, 'ANIK': 2.0, 'ANIP': 1.0, 'AOBC': 6.0, 'AOSL': 3.0, 'APA': 1.0, 'APC': 1.0, 'APEI': 1.0, 'APOG': 1.0, 'ARCB': 1.0, 'AREX': 34.0, 'ARII': 1.0, 'ARLP': 3.0, 'ARNA': 1.0, 'AROW': 2.0, 'ARRS': 2.0, 'ARWR': 5220.0, 'ASCMA': 5.0, 'ASH': 1.0, 'ASMB': 1.0, 'ASNA': 20.0, 'ASPS': 2.0, 'ASTE': 1.0, 'ASYS': 6.0, 'ATI': 3.0, 'ATRC': 2.0, 'ATRO': 1.0, 'ATSG': 2.0, 'ATTU': 3.0, 'ATVI': 1.0, 'AUTO': 7.0, 'AVAV': 1.0, 'AVDL': 4.0, 'AVID': 13.0, 'AXDX': 3.0, 'AZPN': 1.0, 'AZZ': 1.0, 'BAK': 2.0, 'BANF': 1.0, 'BANR': 1.0, 'BBBY': 3.0, 'BBL': 2.0, 'BBSI': 1.0, 'BCOR': 1.0, 'BCPC': 1.0, 'BDC': 1.0, 'BDGE': 2.0, 'BECN': 1.0, 'BELFB': 3.0, 'BGCP': 5.0, 'BGG': 4.0, 'BHGE': 2.0, 'BHP': 2.0, 'BJRI': 1.0, 'BLDR': 2.0, 'BLL': 1.0, 'BLMN': 3.0, 'BMRC': 1.0, 'BMS': 1.0, 'BMTC': 1.0, 'BNFT': 1.0, 'BOFI': 1.0, 'BOKF': 1.0, 'BOOM': 1.0, 'BPL': 1.0, 'BPT': 2.0, 'BRC': 2.0, 'BREW': 3.0, 'BRKR': 2.0, 'BRKS': 2.0, 'BRS': 4.0, 'BSET': 2.0, 'BTE': 35.0, 'BVN': 4.0, 'BWXT': 1.0, 'CAC': 1.0, 'CALM': 1.0, 'CAMP': 2.0, 'CARB': 1.0, 'CATY': 1.0, 'CBOE': 1.0, 'CBT': 1.0, 'CCBG': 2.0, 'CCJ': 6.0, 'CCLP': 13.0, 'CCOI': 1.0, 'CDNS': 1.0, 'CDW': 1.0, 'CEA': 1.0, 'CECE': 9.0, 'CECO': 2.0, 'CENTA': 1.0, 'CENX': 4.0, 'CERN': 1.0, 'CEVA': 2.0, 'CFFN': 5.0, 'CGNX': 1.0, 'CHEF': 2.0, 'CHRW': 1.0, 'CHSCN': 2.0, 'CHSCO': 2.0, 'CHUY': 2.0, 'CKH': 1.0, 'CLD': 24.0, 'CMCO': 1.0, 'CMCSA': 2.0, 'CMRE': 9.0, 'CMTL': 1.0, 'CNI': 1.0, 'CNQ': 2.0, 'CNTY': 7.0, 'CNX': 3.0, 'COG': 2.0, 'COHU': 2.0, 'COLM': 1.0, 'COMM': 2.0, 'CONE': 1.0, 'CONN': 2.0, 'CORE': 2.0, 'CPA': 1.0, 'CPE': 5.0, 'CPRT': 1.0, 'CPSI': 2.0, 'CRMT': 1.0, 'CROX': 3.0, 'CRUS': 1.0, 'CRZO': 2.0, 'CSCO': 1.0, 'CSFL': 2.0, 'CSIQ': 4.0, 'CSOD': 1.0, 'CSWC': 4.0, 'CSX': 1.0, 'CTB': 2.0, 'CTRE': 4.0, 'CTRL': 2.0, 'CTRN': 2.0, 'CTSH': 1.0, 'CVE': 7.0, 'CVGI': 8.0, 'CVGW': 1.0, 'CVLT': 1.0, 'CVTI': 2.0, 'CVX': 1.0, 'CYD': 3.0, 'CYOU': 3.0, 'DAKT': 7.0, 'DAL': 1.0, 'DENN': 3.0, 'DEST': 15.0, 'DFRG': 5.0, 'DHT': 15.0, 'DISCA': 3.0, 'DISCK': 3.0, 'DISH': 2.0, 'DLTR': 1.0, 'DNKN': 1.0, 'DORM': 1.0, 'DOX': 1.0, 'DSX': 16.0, 'DWSN': 11.0, 'DXPE': 2.0, 'ECHO': 2.0, 'EFOI': 29.0, 'ENTG': 1.0, 'EPAY': 1.0, 'ERA': 4.0, 'ESND': 5.0, 'EXPD': 1.0, 'EXPO': 1.0, 'EZPW': 5.0, 'FARM': 2.0, 'FARO': 1.0, 'FELE': 1.0, 'FLDM': 11.0, 'FLIR': 1.0, 'FLXS': 2.0, 'FOLD': 2.0, 'FOSL': 2.0, 'FOXF': 1.0, 'FRO': 10.0, 'FSTR': 3.0, 'FWRD': 1.0, 'GEOS': 5.0, 'GIII': 1.0, 'GNTX': 3.0, 'GOLD': 1.0, 'GPOR': 6.0, 'GPRE': 4.0, 'GRMN': 1.0, 'GSM': 8.0, 'GTLS': 1.0, 'GWR': 1.0, 'HAIN': 2.0, 'HAS': 1.0, 'HAYN': 2.0, 'HCCI': 2.0, 'HELE': 1.0, 'HNRG': 10.0, 'HOFT': 1.0, 'HOLI': 2.0, 'HTHT': 1.0, 'HTLD': 3.0, 'HUBG': 1.0, 'HURC': 1.0, 'HWKN': 2.0, 'HYGS': 12.0, 'IART': 1.0, 'IEP': 1.0, 'IIIN': 1.0, 'IIVI': 1.0, 'IOSP': 1.0, 'IPAR': 1.0, 'IPHS': 1.0, 'ITRI': 1.0, 'JBLU': 3.0, 'JBSS': 1.0, 'JOUT': 1.0, 'JVA': 11.0, 'KALU': 1.0, 'KBAL': 4.0, 'KLAC': 1.0, 'KMX': 1.0, 'KNX': 2.0, 'KSU': 1.0, 'LGCYO': 5.0, 'LMNR': 2.0, 'LPG': 8.0, 'LSTR': 1.0, 'LTM': 5.0, 'LWAY': 13.0, 'LYTS': 11.0, 'MAT': 4.0, 'MCEP': 37.0, 'MDLZ': 1.0, 'MDRX': 5.0, 'MEOH': 1.0, 'MERC': 3.0, 'MGEE': 1.0, 'MLHR': 2.0, 'MMLP': 4.0, 'MNST': 1.0, 'MRTN': 3.0, 'MTRX': 4.0, 'MYRG': 2.0, 'NHTC': 2.0, 'NWPX': 4.0, 'NYNY': 4.0, 'OMAB': 1.0, 'PAAS': 3.0, 'PAC': 1.0, 'PATK': 1.0, 'PDCE': 1.0, 'PERY': 2.0, 'PETX': 16.0, 'PLPC': 1.0, 'POWL': 2.0, 'PPC': 3.0, 'PRIM': 2.0, 'PRMW': 3.0, 'PTEN': 4.0, 'PTSI': 1.0, 'RAIL': 4.0, 'RCKY': 2.0, 'RGLD': 1.0, 'ROCK': 1.0, 'RRTS': 27.0, 'RUSHA': 1.0, 'RYAAY': 1.0, 'SAFM': 1.0, 'SAIA': 1.0, 'SBLK': 11.0, 'SCHN': 2.0, 'SENEA': 2.0, 'SGC': 2.0, 'SHOO': 1.0, 'SKYW': 1.0, 'SLGN': 2.0, 'SNBR': 2.0, 'SNP': 1.0, 'SPTN': 2.0, 'SQBG': 27.0, 'SRCE': 1.0, 'SRCL': 1.0, 'SSRM': 5.0, 'STLD': 1.0, 'STNG': 24.0, 'TESS': 4.0, 'THRM': 1.0, 'TILE': 2.0, 'UFPI': 1.0, 'USAK': 3.0, 'USAP': 2.0, 'USLM': 1.0, 'VLRS': 8.0, 'VNET': 8.0, 'VNOM': 2.0, 'WERN': 1.0, 'WIFI': 2.0, 'WIRE': 1.0, 'WLFC': 2.0, 'WPRT': 50.0, 'WWD': 1.0, 'XEC': 1.0, 'XLRN': 1.0, 'YRCW': 5.0, 'ZEUS': 3.0};15185.85682058314
4;2;markowitz_portfolio_with_forecast_and_latent_features;0.5574292850826754;0.13966125034516907;3.8480916056131043;{'AAXN': 12.0, 'ABMD': 33.0, 'ADUS': 37.0, 'ADXS': 196.0, 'AERI': 9.0, 'ALGN': 8.0, 'AMED': 9.0, 'AMZN': 5.0, 'ANGI': 78.0, 'AQXP': 201.0, 'ASMB': 52.0, 'BWXT': 190.0, 'CBOE': 9.0, 'CENTA': 20.0, 'CPRT': 7.0, 'CSTE': 25.0, 'CTAS': 66.0, 'CVGW': 1.0, 'FIZZ': 34.0, 'FOXF': 96.0, 'HOFT': 44.0, 'HTHT': 134.0, 'JBSS': 16.0, 'JOBS': 9.0, 'JOUT': 2.0, 'LULU': 18.0, 'MGPI': 85.0, 'NHTC': 2.0, 'PRMW': 365.0, 'RCKY': 10.0, 'SSRM': 230.0, 'TWOU': 11.0};1636.8023605346561
0;1;markowitz_portfolio_without_forecast_without_preselection;0.3541790964089584;0.08243136709658574;4.054028316883269;{'ICUI': 2.0, 'ARQL': 159.0, 'CACC': 2.0, 'CLX': 28.0, 'MGPI': 39.0, 'CME': 6.0, 'MIXT': 37.0, 'PGR': 99.0, 'RTN': 2.0, 'EGRX': 7.0, 'ROST': 14.0, 'SA': 21.0, 'VICR': 11.0, 'OFLX': 19.0, 'ALGN': 4.0, 'CRNT': 11.0, 'ANGI': 20.0, 'VCEL': 58.0, 'NURO': 136.0, 'CNC': 5.0, 'LMAT': 56.0, 'TVIX': 160.0, 'NTWK': 53.0, 'LOGI': 56.0, 'TTWO': 7.0, 'MZOR': 4.0, 'SPHS': 147.0, 'HIIQ': 8.0, 'TPL': 5.0, 'HSKA': 29.0, 'FOXF': 69.0, 'CTAS': 6.0, 'AMZN': 3.0, 'EGAN': 26.0, 'INFO': 13.0, 'SRPT': 1.0, 'PAYC': 2.0, 'BWXT': 73.0, 'EXEL': 39.0, 'CLUB': 82.0, 'COR': 20.0, 'WD': 56.0, 'AMED': 2.0, 'INGN': 10.0, 'PMD': 28.0, 'ISRG': 2.0, 'CASM': 215.0, 'CASI': 231.0, 'CPRT': 53.0, 'WTW': 4.0, 'AXGN': 125.0, 'SYNC': 187.0, 'SKYW': 12.0, 'TSE': 15.0, 'MTN': 10.0, 'STZ': 12.0, 'MBOT': 55.0, 'NERV': 2.0, 'ZN': 24.0, 'CDXS': 37.0, 'LUNA': 149.0, 'LULU': 10.0, 'HTHT': 83.0, 'PLUS': 5.0, 'WWE': 25.0, 'RENN': 118.0, 'NETE': 21.0};1502.5501532554388
1;1;markowitz_portfolio_without_forecast;0.4677447845312728;0.15057641171119598;2.9735386800825263;{'ABMD': 27.0, 'ADUS': 36.0, 'AERI': 9.0, 'ALGN': 7.0, 'AMED': 8.0, 'AMZN': 5.0, 'ANGI': 1.0, 'AQXP': 196.0, 'ARRY': 22.0, 'ASMB': 45.0, 'ATTU': 17.0, 'BWXT': 193.0, 'CENTA': 63.0, 'CPRT': 56.0, 'CTAS': 16.0, 'FIZZ': 64.0, 'FOXF': 138.0, 'HOFT': 51.0, 'HTHT': 156.0, 'ICON': 1.0, 'JBSS': 24.0, 'JOUT': 10.0, 'LULU': 8.0, 'LWAY': 13.0, 'MGPI': 86.0, 'PLCE': 7.0, 'PRMW': 326.0, 'RCKY': 53.0, 'SKYW': 30.0, 'SSRM': 264.0, 'TWOU': 14.0, 'WIFI': 42.0};825.3205477893327
2;1;markowitz_portfolio_with_forecast;0.5028533283617114;0.15555064551434034;3.1041550921574075;{'AMZN': 6, 'FOXF': 164, 'BWXT': 155, 'ABMD': 25, 'PRMW': 388, 'FIZZ': 63, 'MGPI': 90, 'HTHT': 174, 'CPRT': 84, 'SSRM': 243, 'ALGN': 7, 'HOFT': 49, 'CTAS': 10, 'CENTA': 40, 'LULU': 11, 'WIFI': 50, 'JBSS': 19, 'ASMB': 36, 'SKYW': 24, 'RCKY': 47, 'LWAY': 169, 'AMED': 10, 'PLCE': 8, 'ATTU': 49, 'PHIIK': 84, 'AERI': 11, 'AQXP': 151, 'ANGI': 29, 'TWOU': 6, 'JOUT': 4, 'SODA': 3, 'GNMX': 251, 'ARRY': 15, 'ICON': 666};1133.2704455256467
3;1;markowitz_portfolio_with_forecast_and adjusted covariance_matrix;0.7527484341573248;0.00038678565105164484;1894.4560951654485;{'ABMD': 265.0, 'ADXS': 2.0, 'ARWR': 323.0, 'CSWC': 1.0, 'GNMX': 4.0, 'ICON': 103.0, 'NHTC': 2.0};-523.1198892295212
4;1;markowitz_portfolio_with_forecast_and_latent_features;0.5301316064873735;0.13474504234947604;3.785902602370269;{'AMZN': 6, 'CPRT': 165, 'FOXF': 157, 'BWXT': 143, 'PRMW': 456, 'ABMD': 20, 'FIZZ': 50, 'MGPI': 67, 'HOFT': 105, 'HTHT': 133, 'SSRM': 267, 'JBSS': 33, 'ANGI': 108, 'ALGN': 5, 'WIFI': 57, 'LWAY': 204, 'SODA': 12, 'RCKY': 47, 'PHIIK': 136, 'ASMB': 33, 'AMED': 11, 'AERI': 17, 'AQXP': 225, 'ATTU': 50, 'WLFC': 21, 'NHTC': 22, 'ICON': 1830, 'LULU': 4, 'SKYW': 7, 'GNMX': 344, 'ADXS': 58};1492.3603280186667
